nary,ギンガム (パレード),想い出波止場,1
nary,触媒,想い出波止場,1
nary,Take Whatever,DJ Ryo,1
nary,Resham Firri,Sur Sudha,1
nary,我离开我自己,杨乃文,1
nary,オハヨウ/Smiles→Fire Man,想い出波止場,1
nary,The Time Is Here At Last,Etherwood,1
nary,感情生活,王菲,1
nary,Dancin' コオロギ,押尾コータロー,1
nary,Last Christmas (Bonus),Gregorian,1
nary,宽恕,时过夏末,1
nary,Stutee (Prayer),Sur Sudha,1
nary,Tihar,Sur Sudha,1
nary,Everything You Can See Through A Little Hole,Ryoichi Kurokawa,1
nary,应该,杨乃文,1
nary,Living For Love,Madonna,1
nary,Recognise,Fred V & Grafix,1
nary,アイルランドの風,押尾コータロー,1
nary,Camargue (Fred V;Grafix Remix),Cj Bolland,1
nary,Teej,Sur Sudha,1
nary,优美的低于生活,声音碎片,1
nary,Read #Read,Ryoichi Kurokawa,1
nary,挽歌,许美静,1
nary,Dance of Eagle,Sainkho Namtchylak,1
nary,Angel,陶喆,1
nary,Silu,Sur Sudha,1
nary,Strange (La Fleur Remix),Adana Twins,1
nary,0000000001,Ryoji Ikeda,1
nary,Cipher,Ryoichi Kurokawa,1
nary,Bada Dashain,Sur Sudha,1
nary,OOL,Ryoichi Kurokawa,1
nary,3w,DJ Ryo,1
nary,Errorbook,Ryoichi Kurokawa,1
nary,Raja Mati,Sur Sudha,1
nary,应该 (Live) ,杨乃文,1
nary,・Ra,想い出波止場,1
nary,污水塘 ,惘闻,1
nary,A Fisherman's Song,Sur Sudha,1
nary,Numbers (Camo & Krooked Remix (CD Edit)),John B,1
nary,木もれ陽 ,押尾コータロー,1
nary,Principle,Ryoji Ikeda,1
nary,Supercodex 12,Ryoji Ikeda,1
nary,비,이시우,1
nary,Oblivion (Baarsden Remix),Grimes,1
nary,Supercodex 16,Ryoji Ikeda,1
thiefox,温柔的你,王杰,1
thiefox,爱一次便够,草蜢,2
thiefox,When Nothing Meant Less,Kathryn Williams,2
thiefox,世间始终你好,罗文,1
thiefox,纸船,张国荣,1
thiefox,爱我别走,张震岳,1
thiefox,我的天使,达达,1
thiefox,The Mind Is Its Own Place,Kathryn Williams,2
thiefox,我爱白云,陈百强,1
thiefox,地老天荒,关淑怡,1
thiefox,You Are My Sunshine,Norman Blake,2
thiefox,You and Your Sister,This Mortal Coil,3
thiefox,I Love Youからはじめよう,安全地帯,1
thiefox,Part of Us,Kathryn Williams,2
thiefox,Cuckoo,Kathryn Williams,3
thiefox,Let's Fall In Love,莫文蔚,1
thiefox,小王子,牛奶@咖啡,1
thiefox,Battleships,Kathryn Williams,3
thiefox,Mirrors,Kathryn Williams,3
thiefox,心中有爱,邝美云,2
thiefox,我要等的正是你,林忆莲,1
thiefox,Electric,Kathryn Williams,3
thiefox,Tango with Marco,Kathryn Williams,3
thiefox,良夜,at17,2
thiefox,Beating Heart,Kathryn Williams,3
thiefox,阿美阿美,刘文正,1
thiefox,真情流露,陈慧娴,1
thiefox,盛夏光年,林忆莲,1
thiefox,最好的爱煞人武器,范晓萱,1
唐喜,ぱんだねこ体操,真堂圭,2
唐喜,Making Friends ,The Shanghai Restoration Project,1
唐喜,Sticky Dumplings for Sale ,The Shanghai Restoration Project,1
唐喜,Little Swallow ,The Shanghai Restoration Project,1
唐喜,Harder, Better, Faster, Stronger,Daft Punk,4
唐喜,白蛇·赏中秋,蒋月泉,1
唐喜,恋曲1980,罗大佑,2
唐喜,マル・マル・モリ・モリ! (フルサイズ),薫と友樹，たまにムック。,1
唐喜,Snow ((Hey Oh)),Red Hot Chili Peppers,1
唐喜,梭罗河畔,潘迪华,1
唐喜,Where is Spring? ,The Shanghai Restoration Project,1
唐喜,Photobooth,Friendly Fires,1
唐喜,“从前有个小朋友很滑…”,何崇志,1
唐喜,Lose Yourself to Dance,Daft Punk,1
唐喜,周慕云对白,梁朝伟,1
唐喜,“哗…你睇今晚个月亮几圆！”,何崇志,1
唐喜,Bling Bling Bling,后海大鲨鱼,1
唐喜,口吐莲花,与人乐队,1
唐喜,Finding Flowers in the Snow ,The Shanghai Restoration Project,2
唐喜,月圆花好,周璇,1
唐喜,西厢·请宴(严调),群星,1
唐喜,Beautiful Boyz,CocoRosie,1
唐喜,Luv Letter,DJ OKAWARI,2
唐喜,Giorgio by Moroder,Daft Punk,1
唐喜,卡农D大调,群星,1
唐喜,Get Lucky,Daft Punk,1
唐喜,小白兔白又白,群星,2
唐喜,“系呀,为咗我哋嗰啲将来呀…”,何崇志,1
唐喜,被遗忘的时光,蔡琴,1
唐喜,生命是场马拉松,旅行团,1
唐喜,No Surprises,Rockabye Baby!,1
唐喜,Something About Us,Daft Punk,1
唐喜,Stormen,Bergmál,1
唐喜,Moon Dreams,Miles Davis,1
唐喜,La Gloria,Gotan Project,1
唐喜,The Schoolboy ,The Shanghai Restoration Project,2
唐喜,妆台报喜 (评弹),朱雪琴,1
唐喜,评弹选曲：白蛇·断桥,盛小云,1
8azu,Raining,柴咲コウ,1
8azu,The Long Way Home,Lenka,1
8azu,Sandunga,Don Omar,1
8azu,Dreams,Beck,1
8azu,未来へ,柴咲コウ,1
8azu,アイ,柴咲コウ,1
8azu,Cheerleader,OMI,1
8azu,Unique,Lenka,1
8azu,渴望光荣,张丰毅,2
8azu,明天, 你好,TFBOYS,1
8azu,L'amour fait ce qu'il veux,MIKA,1
8azu,桜坂,柴咲コウ,1
8azu,Perdido en tus ojos,Don Omar,1
8azu,きみはぼくのともだち,柴咲コウ,1
8azu,We Are Powerful,Lenka,1
8azu,Cheerleader (Felix Jaehn Remix Radio Edit),OMI,1
8azu,风马 (慢版原声),郑钧,1
8azu,虹と太陽の丘,柴咲コウ,1
8azu,Go Deeper,Lenka,1
8azu,Golden,Travie McCoy,1
8azu,En apa som liknar dig (Extended Version),Darin,1
8azu,我管你,华晨宇,1
8azu,笑顔を探して,柴咲コウ,1
8azu,Cheerleader (Ricky Blaze Remix),OMI,4
8azu,愛してる,中孝介,1
8azu,Olvidar que somos amigos,Don Omar,1
8azu,梦幻岛,段博文,1
8azu,Animals (Original Mix),Martin Garrix,2
8azu,ただ泣きたくなるの,柴咲コウ,2
8azu,Get Together,Lenka,1
8azu,若者のすべて,柴咲コウ,2
8azu,惯性恋,赖伟锋,1
8azu,风马,郑钧,1
8azu,素直,柴咲コウ,1
8azu,Legacy,7obu,1
8azu,私生活,柴咲コウ,1
8azu,めちゃくちゃに泣いてしまいたい,柴咲コウ,1
8azu,朝日の誓い,柴咲コウ,1
8azu,Te recordaré bailando,Don Omar,1
8azu,だけど僕は,柴咲コウ,1
8azu,糸,柴咲コウ,1
影月孤风,I Want You to Know,Zedd,1
影月孤风,If It Wasn't For You,Alesso,1
影月孤风,Mediterranean Breeze,Fridrik Karlsson,1
影月孤风,耳旁风,庄心妍,1
影月孤风,早安,刘瑞琦,1
影月孤风,《南山南》徐菲cover马頔,徐菲,1
影月孤风,河流,吴莫愁,1
影月孤风,小水果,筷子兄弟,1
影月孤风,城市之光,冯佳界&西山,1
影月孤风,梦,菅野祐悟,1
影月孤风,Primi passi,Fabrizio Paterlini,1
影月孤风,The Sun (Klingande Remix),Klingande,1
影月孤风,月半小夜曲,Lawrence,1
影月孤风,Feel so High,Eklo,2
影月孤风,solasola,hideyuki hashimoto,1
影月孤风,All Alright,Sigur Rós,1
影月孤风,엉덩이,Scarlet,2
影月孤风,Dear Mama (Boehm Remix),2Pac,1
影月孤风,You Are My Sunshine,George Skaroulis,1
影月孤风,奇妙能力歌,陈粒,1
影月孤风,Intoxicated (Original Club Mix),Martin Solveig,1
影月孤风,后来才发现,庄心妍,1
影月孤风,Sally Gardens,The O'Neill Brothers,1
影月孤风,夜明けの歌,Naomi & Goro,1
影月孤风,Cheerleader (Felix Jaehn Remix Radio Edit),OMI,4
影月孤风,Shine (Extended Mix),Felix Jaehn,1
影月孤风,The Sounds Of Silence,Bandari,1
影月孤风,Always (Original Mix),DVBBS,1
影月孤风,差一点,庄心妍,2
影月孤风,Snowship (Eklo Remix),Eklo,3
影月孤风,暗河,冯佳界&西山,1
影月孤风,前方,雨阳乐队,1
影月孤风,Weightless,Eklo,2
影月孤风,90s By Nature (Sam Feldt Remix),Showtek,1
影月孤风,小水果 (伴奏),筷子兄弟,1
影月孤风,わらべ (live),白神,1
影月孤风,Because I Love You,Giovanni Marradi,1
影月孤风,阳光中的向日葵,马条,1
影月孤风,florescence,日本ACG,1
影月孤风,One Day (Vandaag) (Radio Edit),Bakermat,1
影月孤风,三度和弦,刘瑞琦,1
radio44,晚霞,小娟&山谷里的居民,1
radio44,门与窗,齐秦,1
radio44,You Make Me Feel Brand New,Simply Red,1
radio44,十年水流东，十年水流西,五条人,1
radio44,云图,简迷离,1
radio44,Sunshine on My Shoulders,Train,1
radio44,鱼,陈绮贞,1
radio44,Cloud,The New Division,1
radio44,我在太原和谁一起假装悲伤,贰佰,1
radio44,献给无畏的人,喜悦商店,2
radio44,我不能悲伤地坐在你身旁,左小祖咒,1
radio44,Chasing Luisa Rey,Tom Tykwer,1
radio44,宇宙大钢管儿,俊美组,1
radio44,和解吧 姑娘,万晓利,1
radio44,Life Despite God,Courtney Love,1
radio44,Stand Up Motherfucker,Courtney Love,1
radio44,有一个长头发的青年,朱光宇,1
radio44,门,海朋森,1
radio44,晚霞,窦唯,2
radio44,Sea of Clouds,Matthew Lien,1
radio44,Letter To God,Courtney Love,3
radio44,原谅我不明白你的悲伤,那我懂你意思了,1
radio44,Something,Al Green,1
radio44,老夏天,雷光夏,1
radio44,Mono,Courtney Love,1
radio44,Perfect Day,Duran Duran,1
radio44,踏浪,沈雁,1
radio44,Happy Ending Story 　　,Courtney Love,1
radio44,时间的灰烬,33岛乐队,1
radio44,Never Gonna Be the Same,Courtney Love,1
radio44,门 (2013版),李志,1
radio44,Roll on John,Bob Dylan,1
radio44,每个歌唱者都是病人,仓买乐队,1
radio44,流浪的脚步声响,浩子,1
radio44,无聊,第二层皮,3
radio44,好无聊,宋岳庭,1
radio44,你难过可它早晚会好,花粥,1
radio44,那年夏天宁静的海,拜金小姐,1
radio44,喜鹊(蒋勋口述),蒋勋,1
radio44,欢喜侬,顶楼的马戏团,1
radio44,鸟语,讲者,1
radio44,那年榕树下,马条,1
radio44,跳,张楚,1
radio44,桑吉尔多,浩子,1
scifi,The Rusty Rails,顾忠山,1
scifi,King Crab And The Princess Of Shrimp,The Far East Quartet 新东亚四重奏,1
scifi,School Gates,Tricky,1
scifi,The Instigator,顾忠山,1
scifi,Thelonious,The Far East Quartet 新东亚四重奏,1
scifi,Reason's Treason,顺子,1
scifi,Tribute,David Friesen Trio,1
scifi,Softly, As In a Morning Sunrise,顾忠山,1
scifi,Human,Of Monsters And Men,1
scifi,Wolves Without Teeth,Of Monsters And Men,1
scifi,Speechless,The Lawrence Ku Septet 顾忠山七重奏,1
scifi,Frankenstein,The Far East Quartet 新东亚四重奏,2
scifi,Out of Nowhere,顾忠山,1
scifi,Soon After Christmas,Stina Nordenstam,1
scifi,Girl from the North Country,Bob Dylan,1
scifi,Samba Theft,顾忠山,1
scifi,Crystals,Of Monsters And Men,1
scifi,Gracie,The Far East Quartet 新东亚四重奏,3
scifi,Somebody That I Used To Know,Gotye,1
scifi,Pictures I,顾忠山,1
scifi,God Save the Queen,Sex Pistols,1
scifi,Ballad for the Blue Box,The Lawrence Ku Septet 顾忠山七重奏,1
scifi,Seam Line,David Friesen Trio,2
scifi,Hunger,Of Monsters And Men,1
scifi,Clair de lune (from Suite bergamasque),Claude Debussy,1
scifi,Never Let Me Go,顾忠山,1
scifi,3tops,菅野よう子,2
scifi,Fever,Beyoncé,1
scifi,Wrap Up,David Friesen Trio,1
scifi,Slow Life,Of Monsters And Men,1
scifi,Dreams,Beck,1
scifi,Three Doors, Three Keys,顾忠山,1
scifi,The Bully,The Far East Quartet 新东亚四重奏,1
scifi,In the Deep Brain,The Far East Quartet 新东亚四重奏,1
scifi,Within,Daft Punk,1
scifi,群雄疾走  ,川井憲次,1
scifi,tempest,菅野よう子,1
scifi,Say What You Want,VFSix,1
scifi,Brokenhearted,Karmin,1
scifi,DIAMONDS,菅野よう子,1
scifi,Empire,Of Monsters And Men,1
scifi,Stylin',顾忠山,1
scifi,Sisters,The Lawrence Ku Septet 顾忠山七重奏,1
高尔吉亚,数羊,邓福如,1
高尔吉亚,戯言クライン,鹿乃,1
高尔吉亚,自成一派,邓福如,2
高尔吉亚,ワンテンポ遅れたMonster ain't dead,[Alexandros],1
高尔吉亚,ウールはゆっくり夢を見るか？,やくしまるえつこ,1
高尔吉亚,少女黑猫,河豚子,2
高尔吉亚,夏夜のマジック,indigo la End,1
高尔吉亚,ワタリドリ,[Alexandros],1
高尔吉亚,黑羊,邓福如,1
高尔吉亚,Survive,邓福如,1
高尔吉亚,Rows,Mew,1
高尔吉亚,晴れた日の教室,それでも世界が続くなら,2
高尔吉亚,響かない部屋,それでも世界が続くなら,1
高尔吉亚,陈振昌，你是只猴子,河豚子,1
高尔吉亚,前面路口停 (热情版),邓福如,2
高尔吉亚,Interview the Girls,Mew,1
高尔吉亚,Encore,茶太,1
高尔吉亚,超级猪头,邓福如,1
高尔吉亚,傘,転校生,1
高尔吉亚,音のない夢,やなぎなぎ,1
高尔吉亚,输给时间,邓福如,1
高尔吉亚,リサイクル,それでも世界が続くなら,1
高尔吉亚,庭園にて。,acane_madder,1
高尔吉亚,思考停止,それでも世界が続くなら,1
高尔吉亚,Cross the River on Your Own,Mew,1
高尔吉亚,女儿心如水,邓福如,1
高尔吉亚,君は口内炎さとじゅん,ef,1
高尔吉亚,前面路口停 (冷静版),邓福如,1
高尔吉亚,ムーンライト銀河,相対性理論,1
高尔吉亚,解離と労働,それでも世界が続くなら,1
高尔吉亚,ハロ/ハワユ,鹿乃,1
高尔吉亚,悲しくなる前に,indigo la End,1
高尔吉亚,Adventure,[Alexandros],1
高尔吉亚,Boo!,[Alexandros],1
高尔吉亚,Drinking Soda,Mew,1
高尔吉亚,邓大福是一只猫,邓福如,1
高尔吉亚,如月アテンション,じん,1
高尔吉亚,○＋●,kous,2
高尔吉亚,Water Slides,Mew,1
高尔吉亚,月灯りふんわり落ちてくる夜,やなぎなぎ,1
高尔吉亚,Refresh,邓福如,2
高尔吉亚,蓝色是最温暖的颜色,邓福如,1
残蓝,仇人的孩子,蛋堡,1
残蓝,Kissing You Goodbye,The Used,1
残蓝,Maybe,V6,1
残蓝,君はいらないだろうな,back number,2
残蓝,泡と羊,back number,3
残蓝,泡と羊 (instrumental),back number,2
残蓝,偷偷,蛋堡,1
残蓝,SISTER (instrumental),back number,2
残蓝,打包,蛋堡,1
残蓝,史诗,蛋堡,1
残蓝,遇见,蛋堡,1
残蓝,The Guitar Song,Daycast,1
残蓝,屎王,蛋堡,1
残蓝,我们都有问题,蛋堡,1
残蓝,Down,Flunk,1
残蓝,WHAI ALBUM,WHAI,3
残蓝,Liar Liar (Burn in Hell),The Used,1
残蓝,Heaven,I Monster,1
残蓝,少年维持着烦恼,蛋堡,1
残蓝,I Broadcast,Blur,1
残蓝,RADIO,Towa Tei,1
残蓝,当我来到这里,蛋堡,1
残蓝,No Surprises,Radiohead,1
残蓝,Sunshine on My Back,The National,1
残蓝,WHAI 云雨,WHAI,3
残蓝,君はいらないだろうな (instrumental),back number,2
残蓝,你是我的梦想,蛋堡,1
残蓝,I want you,蛋堡,1
残蓝,Shoot the Poets,The Cribs,1
残蓝,She's Lost Control,Joy Division,1
残蓝,过程,蛋堡,1
残蓝,The Taste of Ink,The Used,1
残蓝,SISTER,back number,3
残蓝,Hit The Rhyme,蛋堡,1
残蓝,青い栞,Galileo Galilei,1
残蓝,关于小熊,蛋堡,1
RDark,Transience II,Parijat,1
RDark,Most Beautiful Splendor,Parijat,1
RDark,DayJob,Memória de Peixe,1
RDark,NightJob,Memória de Peixe,1
RDark,You Shook Me (Live),Led Zeppelin,1
RDark,The Frontman,Madrugada,1
RDark,Sister,Madrugada,2
RDark,Transience,Parijat,2
RDark,Fish & Chick,Memória de Peixe,1
RDark,Black Mambo,Madrugada,1
RDark,Coming Back To Life (Live),Pink Floyd,2
RDark,Comin' Back To Me,Jefferson Airplane,1
RDark,7/4,Memória de Peixe,1
RDark,Returning Home,Parijat,2
RDark,Lovely Rita,The Beatles,1
RDark,Circles,Parijat,1
RDark,Wouldn't It Be Nice (Mono Version),The Beach Boys,1
RDark,Only When You´re Gone,Madrugada,3
RDark,Walkabout,Memória de Peixe,3
RDark,Into Heartbeats,Madrugada,2
RDark,Raindance,Parijat,2
RDark,A Day in the Life,The Beatles,1
RDark,Nightly Disease Part II,Madrugada,1
RDark,Lucy One,Madrugada,1
RDark,Two Black Bones,Madrugada,1
RDark,Nightfall,The Incredible String Band,1
RDark,Flowering,Parijat,2
RDark,FishTank,Memória de Peixe,1
RDark,A Deadend Mind,Madrugada,1
RDark,Ruparahi,Parijat,2
RDark,Estrela Morena,Memória de Peixe,1
RDark,Step Into This Room And Dance For Me,Madrugada,1
RDark,Indie Anna Jones,Memória de Peixe,1
RDark,Koeeoaddi There,The Incredible String Band,2
RDark,We Are Go,Madrugada,1
RDark,Grantchester Meadows,Pink Floyd,1
U180,《地下党》 Underground,BIG PENG 姚志鹏,1
U180,一丝不挂,陈奕迅,1
U180,搁浅,周杰伦,1
U180,孤独患者,陈奕迅,1
U180,Sunrise / Beautiful,Ta-ku,2
U180,一路向北,周杰伦,1
皮淡,读心术 ,痞克四,1
皮淡,On The Night Like This ,MOCCA,1
皮淡,今天,曲婉婷,1
皮淡,单身旅记,陶晶莹,1
皮淡,Fuck You  ,Lily Allen,1
皮淡,亲爱的你怎么不在我身边,江美琪,1
皮淡,再见,谢安琪,1
皮淡,Crippled,Standfast,1
皮淡,사랑한대,Standing Egg,2
皮淡,La La La,2raumwohnung,1
皮淡,所谓,袁泉,1
皮淡,恋之风景,林嘉欣,1
皮淡,We Exchanged Words,Azure Ray,1
皮淡,We're All Beautiful,Joy Of Living,1
皮淡,陪你到世界的终结,棉花糖,3
皮淡,无所不至,刘星,1
皮淡,我要的飞翔,许飞,1
皮淡,About Her,Malcolm McLaren,1
皮淡,Lhasa,Busby Marou,1
皮淡,可惜不是你,梁静茹,1
皮淡,阳光下的星星,金海心,1
皮淡,Stay With My Heart,Sophie Zelmani,1
皮淡,Make You Feel My Love,Adele,1
皮淡,Fluorescent Adolescent,Arctic Monkeys,1
皮淡,Long Lost Pen Pal,Hello Saferide,1
皮淡,Sometimes Always,Courtney Jaye,1
皮淡,Alerta,Dutch Rhythm Combo,1
皮淡,Solo Para Ti,Armik,1
皮淡,漂浮在海上的岛屿 / 潜沉于水下的人们,Cicada,1
皮淡,拥有Masbfca (广告配乐完整版),陈建骐,1
皮淡,Breaking the Law,Hellsongs,1
皮淡,Dark Of Night ,Little Birdy,1
皮淡,遠い日々,Joe Hisaishi,1
皮淡,风吹麦浪,李健,1
皮淡,淡水河边,戴佩妮,1
皮淡,我会守侯你,群星,1
皮淡,孤独な巡礼    ,川井憲次,1
皮淡,缺角地图,董运昌,1
皮淡,宝贝 (In The Night),张悬,1
皮淡,Sore Loser,Amy Kuney,1
皮淡,Seasons in the Sun,Black Box Recorder,1
皮淡,Girl Singing in the Wreckage,Black Box Recorder,1
皮淡,Life Is Beautiful,Vega4,1
皮淡,ふるさとの匂い,吉森信,1
皮淡,Beautiful Love,The Afters,1
皮淡,Oh Darling,Plug In Stereo,1
皮淡,The Connoisseur of Great Excuse,Damien Rice,1
三屉馒头大米,Reflections,Django Django,2
三屉馒头大米,Finally Free,The Cribs,2
三屉馒头大米,Flying Low,Mazzy Star,1
三屉馒头大米,维纳斯,黄耀明,2
三屉馒头大米,Hound Dog,Elvis Presley,1
三屉馒头大米,This Is Hardcore,Pulp,2
三屉馒头大米,Beaming White,East India Youth,1
三屉馒头大米,Every You Every Me,Placebo,2
三屉馒头大米,Pyongyang,Blur,1
三屉馒头大米,六月和十二月 (Live),达明一派,2
三屉馒头大米,Touch,Daft Punk,1
三屉馒头大米,三千年前 (Remix),李香琴,2
三屉馒头大米,家庭地狱,LAVA|OX|SEA,1
三屉馒头大米,Flags of the Old Regime,Peter Doherty,3
三屉馒头大米,Smells Like Teen Spirit,Nirvana,1
三屉馒头大米,左右手 (Acoustic Mix),张国荣,1
三屉馒头大米,1979,The Smashing Pumpkins,1
三屉馒头大米,醉渔唱晚,卫仲乐,2
三屉馒头大米,West End Girls,Pet Shop Boys,2
三屉馒头大米,你这样恨我,张国荣,1
三屉馒头大米,Lullaby,Arco,2
三屉馒头大米,Born in Time (Unreleased, Oh Mercy),Bob Dylan,1
三屉馒头大米,Comfortably Numb,Pink Floyd,1
三屉馒头大米,My Day,Blue Foundation,1
三屉馒头大米,Sea Song,Lisa Hannigan,2
三屉馒头大米,沧海一声笑,原声带,1
三屉馒头大米,Wind of Change,Scorpions,1
三屉馒头大米,我心似清泉,王海玲,1
三屉馒头大米,白,White ,1
三屉馒头大米,爷就是一名辞职捻,My Little Airport,2
三屉馒头大米,Bastards of Young,Jamie T,2
三屉馒头大米,红颜白发,张国荣,2
三屉馒头大米,良宵引,成公亮,2
小季子,画,赵雷,1
小季子,分心,何欣穗,1
小季子,Lacuna (Instrumental),Swallow,1
小季子,Mensurral,Swallow,1
小季子,我们,Coverpeople,1
小季子,Amore,坂本龍一,3
小季子,娱乐天空（火星07版）,火星电台,5
小季子,オネアミスの翼メイン・テーマ,坂本龍一,1
小季子,回忆,范晓萱,1
小季子,Peekaboo,Swallow,1
小季子,蓝宇,张亚东,3
小季子,Risky,坂本龍一,1
小季子,Sugar Your Mind,Swallow,1
小季子,Okinawa Song Chin Nuku Jnushii,坂本龍一,2
小季子,Tastes Like Honey,Swallow,5
小季子,子猫物語オープニング・テーマ,坂本龍一,1
小季子,Sayonara,坂本龍一,3
小季子,我好想你,苏打绿,2
小季子,出色,范忆堂,3
小季子,Lovesleep,Swallow,12
小季子,View from a Hill,The Chameleons,1
sora,天使になんてなれなかった  ,WANDS,2
sora,カラフル,山下智久,1
sora,さよならの夏～コクリコ坂から～,手嶌葵,1
sora,逮捕しちゃうぞ 涙の音ネタ丸秘トーク,野口和紀,1
sora,Rolling In the Deep (Piano/cello Instrumental Cover),Steven Sharp Nelson,1
sora,Riverside,Agnes Obel,1
sora,Red Morning,Devics,1
sora,Someone Like You,Adele,1
sora,龙卷风,G.E.M.邓紫棋,1
sora,Shake It Off,Taylor Swift,1
sora,Pretty Boy,M2M,1
sora,トイレの神様,植村花菜,1
sora,Solitude ,坂本龍一,1
sora,Sunshine Girl,moumoon,1
sora,下弦の月,堂本光一,1
sora,明日、僕は君に会いに行く。,ワカバ,1
sora,Stay Here Forever,Jewel,1
sora,明天, 你好,TFBOYS,7
sora,Oceanside,Lainey Lou,1
sora,街道的寂寞,石进,1
sora,Sis puella magica!,梶浦由記,1
sora,Loving Strangers,Russian Red,1
sora,あなたに出会わなければ～夏雪冬花～,Aimer,1
sora,I Love You,Stewart Mac,2
sora,Crazy Kids,Ke$ha,1
sora,往日时光,黛青塔娜,8
sora,给我你的爱 (Live),张杰,1
sora,名もない花,Serani Poji,1
sora,Lamb,French Teen Idol,1
3bluemoon,永恒,许巍,1
3bluemoon,Decay,Ride,1
3bluemoon,My Little Underground,The Jesus and Mary Chain,1
3bluemoon,Lust,The Raveonettes,2
3bluemoon,Seagull,Ride,1
3bluemoon,游龙戏凤,戏班,2
3bluemoon,我思念的城市,许巍,1
3bluemoon,快求关二爷,戏班,2
3bluemoon,Oh, I Buried You Today,The Raveonettes,2
3bluemoon,The Living End,The Jesus and Mary Chain,1
3bluemoon,灶神,戏班,1
3bluemoon,Here and Now,Ride,1
3bluemoon,Just Like Honey,The Jesus and Mary Chain,1
3bluemoon,Fort,GoGo Penguin,1
3bluemoon,Some Candy Talking,The Jesus and Mary Chain,1
3bluemoon,醉生梦死的鬼2014,戏班,2
3bluemoon,很简单,戏班,2
3bluemoon,黑夜就是从很远的地方跑回来,小河,1
3bluemoon,It's So Hard,The Jesus and Mary Chain,1
3bluemoon,To Drown In You,GoGo Penguin,1
3bluemoon,Unfamiliar,Ride,2
3bluemoon,我的秋天,许巍,1
3bluemoon,三更斗,戏班,2
3bluemoon,Never Understand,The Jesus and Mary Chain,1
3bluemoon,One Percent,GoGo Penguin,1
3bluemoon,虫草,戏班,2
3bluemoon,Nowhere,Ride,1
3bluemoon,Sowing Seeds,The Jesus and Mary Chain,1
3bluemoon,树,许巍,1
3bluemoon,1979,The Smashing Pumpkins,1
3bluemoon,问题+拿出来2014,戏班,3
3bluemoon,路的尽头,许巍,1
3bluemoon,序曲: 春意盎然,戏班,3
3bluemoon,Sad & Beautiful World,Sparklehorse,1
3bluemoon,Taste,Ride,1
3bluemoon,The Hardest Walk,The Jesus and Mary Chain,1
3bluemoon,Shock And Awe,GoGo Penguin,1
dcdancer,秘密的爱,声音玩具,4
dcdancer,钢铁的心,爻乐队,6
dcdancer,不朽,声音玩具,3
dcdancer,生命,声音玩具,6
dcdancer,明天你依旧在我身旁,声音玩具,5
dcdancer,和那些人一样,声音玩具,5
dcdancer,完美的一天,声音玩具,2
dcdancer,星航者发现号,声音玩具,1
dcdancer,星期天的大街,声音玩具,3
dcdancer,艾玲,声音玩具,3
dcdancer,请问哪里才能买到晶体管收音机,声音玩具,2
dcdancer,你是无可替代,声音玩具,1
dcdancer,最美妙的旅行,声音玩具,4
dcdancer,时间,声音玩具,3
dcdancer,抚琴小夜曲,声音玩具,2
病伞电台,霞飞路87号,黑棒,2
病伞电台,Anaesthesia,Maximilian Hecker,1
病伞电台,Sex (I'm A),Lovage,1
病伞电台,New Year's Eve,MØ,2
病伞电台,举起你的手,CMCB乐团,1
病伞电台,Tunnel Of Love,Dire Straits,1
病伞电台,Fantasy,The xx,1
病伞电台,Crazy,Willie Nelson,1
病伞电台,Sex (I'm A) (Instrumental Version),Lovage,1
病伞电台,Cry Baby,Janis Joplin,1
病伞电台,The Only Way Out Is Through,23MITD,1
病伞电台,六一儿童节,狠毒男孩,1
病伞电台,New Slang,The Shins,1
病伞电台,Supersonic,The Mavrik,1
病伞电台,玫瑰公园,超级市场,2
病伞电台,下午433,Gin,1
病伞电台,Alright,Pilot Speed,1
病伞电台,Live for the Dream,Paul Hardcastle,1
病伞电台,I Say You Hello,Autumn,1
病伞电台,Bicycle Tricycle,Rosie Thomas,2
病伞电台,非典型女友,黑棒,1
病伞电台,望向田野,Gin,1
病伞电台,November Rain,Guns N' Roses,1
病伞电台,It Never Rains,Dire Straits,1
病伞电台,House Carpenter,Nickel Creek,1
病伞电台,Folk Song,Ash,1
病伞电台,塔利班,狠毒男孩,2
病伞电台,Night Changes,One Direction,1
病伞电台,Sexual Healing,Fourplay,1
病伞电台,Islands,The xx,1
病伞电台,Shelter,The xx,1
病伞电台,ots,Gin,1
病伞电台,Creep,Macy Gray,1
病伞电台,Money for Nothing,Dire Straits,1
病伞电台,圣诞,Gin,1
病伞电台,VCR,The xx,1
病伞电台,Sultans of Swing,Dire Straits,1
病伞电台,Sunshine of Your Love,Cream,1
病伞电台,Crystalised,The xx,1
病伞电台,兰州拉面,3Bangz,3
病伞电台,Wild in Blue,Suicide,2
lilytan,In Red,Ocean Jet,1
lilytan,Say You Love Him (And Choke),The Voyeurs,1
lilytan,Dizzy Ghosts,Gengahr,1
lilytan,Feel Like I Do,Future,1
lilytan,Colors,Future,1
lilytan,Unequal,Holly Herndon,1
lilytan,Kouvola (Slow),Black Twig,1
lilytan,Stunners,The Voyeurs,1
lilytan,Lonely As A Shark,Gengahr,1
lilytan,An Exit,Holly Herndon,1
lilytan,Into The Blue,Dive In,1
lilytan,Bitter Bazaar,She Sir,1
lilytan,Again,Future,2
lilytan,Snakedom,She Sir,1
lilytan,Condensedindents,She Sir,1
lilytan,DAO,Holly Herndon,1
lilytan,Stay,Future,1
lilytan,Continually Meeting On The Sidewalk Of My Door,She Sir,1
lilytan,New Ways to Love,Holly Herndon,1
lilytan,Winter Skirt,She Sir,1
lilytan,Train To Minsk,The Voyeurs,1
lilytan,Locker Leak,Holly Herndon,1
lilytan,Chorus,Holly Herndon,1
lilytan,Portese,She Sir,1
lilytan,Interference,Holly Herndon,1
lilytan,Horizons,Future,1
lilytan,Kissing Can Wait,She Sir,1
lilytan,Warmwimming,She Sir,1
lilytan,Pete the Pugilist,The Voyeurs,1
lilytan,Side Effects,Future,1
lilytan,OOO2,Future,1
lilytan,Scylla (VIP),RL Grime,1
lilytan,The Smiling Loon,The Voyeurs,1
lilytan,Morning Sun,Holly Herndon,1
lilytan,Fill My Gums With Blood,Gengahr,1
lilytan,Unfettered,Ocean Jet,1
lilytan,Try It,Future,1
lilytan,Prisms,Future,2
lilytan,Embers,Gengahr,1
lilytan,England Sings Rhubarb Rhubarb,The Voyeurs,1
lilytan,Space Hole,Future,1
lilytan,He's Not A Lawyer, It's Not A Company,She Sir,1
lilytan,Lonely at the Top,Holly Herndon,1
lilytan,Mania Mantle,She Sir,1
lilytan,Home,Holly Herndon,1
lilytan,Powder,Gengahr,1
lilytan,Trampoline,Gengahr,1
lilytan,Dark Star,Gengahr,1
我带你去太空,FATHER TIME,grooveman Spot,1
我带你去太空,ITZ OVER,grooveman Spot,1
我带你去太空,Morose,金培达,1
我带你去太空,视野,Chui Wan,1
我带你去太空,A Story in Macau,金培达,2
我带你去太空,DialogueⅠ,金培达,1
我带你去太空,She Stalks,金培达,2
我带你去太空,DialogueⅤ,金培达,1
我带你去太空,仅此而已,Chui Wan,1
我带你去太空,Isabella Ⅲ,金培达,1
我带你去太空,These Walls,Kendrick Lamar,1
我带你去太空,Exploration,金培达,1
我带你去太空,Echoes,金培达,3
我带你去太空,Momma,Kendrick Lamar,1
我带你去太空,Mother,林华全,1
我带你去太空,For Free? (Interlude),Kendrick Lamar,1
我带你去太空,梦伴,金培达,1
我带你去太空,For Sale? (Interlude),Kendrick Lamar,1
我带你去太空,吻合,Chui Wan,1
我带你去太空,News,金培达,1
我带你去太空,RESURRECTION 03 REMIX INSTRUMENTAL,grooveman Spot,2
我带你去太空,旷野之声,Chui Wan,1
我带你去太空,Autumn Moon,林华全,1
我带你去太空,Institutionalized,Kendrick Lamar,1
我带你去太空,七次机会,Chui Wan,1
我带你去太空,外面,周迅,1
我带你去太空,Hood Politics,Kendrick Lamar,1
我带你去太空,跳舞街,陈慧娴,3
我带你去太空,Ripples,金培达,2
我带你去太空,Wesley's Theory,Kendrick Lamar,1
我带你去太空,Alright,Kendrick Lamar,1
我带你去太空,夏眠,Chui Wan,1
我带你去太空,'O gente Da Minha Terra',金培达,1
我带你去太空,IsabllaⅠ,金培达,1
我带你去太空,FATHER TIME INSTRUMENTAL,grooveman Spot,1
我带你去太空,U,Kendrick Lamar,1
我带你去太空,King Kunta,Kendrick Lamar,1
我带你去太空,游泳,Chui Wan,2
我带你去太空,Perfidla,Xavier Cugat ,1
我带你去太空,沉默,Chui Wan,1
我带你去太空,十字街头,周迅,1
機器人厂长,비별 (Good Bye Rain),전민주,1
機器人厂长,Ship To Wreck,Florence and the Machine,3
機器人厂长,My Name Is Yozoh,Yozoh,2
機器人厂长,A,GOT7,1
機器人厂长,눈,코,입 (EYES, NOSE, LIPS),악동뮤지션,13
機器人厂长,My Terracotta Heart,Blur,2
機器人厂长,외국인의 고백,악동뮤지션,1
機器人厂长,아침 먹고 땡,Yozoh,1
機器人厂长,I Love You,악동뮤지션,9
機器人厂长,Forever Young,GOT7,1
機器人厂长,좋아해,Yozoh,1
機器人厂长,耿耿于怀,麦浚龙,4
機器人厂长,Lonesome Street,Blur,1
機器人厂长,난 니가 좋아,GOT7,1
機器人厂长,たまたまニュータウン,相対性理論,1
機器人厂长,California Dreaming,The Beach Boys,1
機器人厂长,Good Tonight,GOT7,1
機器人厂长,시간과 낙엽,악동뮤지션,2
機器人厂长,Coffee & TV,Blur,2
機器人厂长,잠 못드는 밤,Crush,1
機器人厂长,California Dreaming,정성하,1
只取一瓢饮,男孩别哭,海龟先生,1
只取一瓢饮,南海姑娘,丝袜小姐,1
只取一瓢饮,你飞到城市另一边,好妹妹乐队,4
只取一瓢饮,祝天下所有的情侣都是失散多年的兄妹,好妹妹乐队,1
只取一瓢饮,我到外地去看你,好妹妹乐队,3
只取一瓢饮,冬,秦昊,3
只取一瓢饮,一个人的北京,好妹妹乐队,3
只取一瓢饮,Blue Monday,New Order,1
只取一瓢饮,离开,晴天,1
只取一瓢饮,我说今晚月光那么美, 你说是的,好妹妹乐队,2
只取一瓢饮,晚风,好妹妹乐队,3
只取一瓢饮,Forever Young,Bob Dylan,1
只取一瓢饮,昨天的你的现在的未来,好妹妹乐队,1
只取一瓢饮,青城山下白素贞,好妹妹乐队,5
只取一瓢饮,风从海面吹过来,好妹妹乐队,3
只取一瓢饮,A Footprint Of Feelings ,Moonlit Sailor,1
只取一瓢饮,关于郑州的记忆,李志,1
只取一瓢饮,周一的清晨还在下雨,好妹妹乐队,1
只取一瓢饮,送你一朵山茶花,好妹妹乐队,2
只取一瓢饮,原来那天的阳光,好妹妹乐队,1
只取一瓢饮,二零一四成功指南,好妹妹乐队,1
只取一瓢饮,往事只能回味,好妹妹乐队,1
只取一瓢饮,关联,好妹妹乐队,1
只取一瓢饮,December Night,黄小桢,1
只取一瓢饮,小小夜曲,好妹妹乐队,1
只取一瓢饮,相思赋予谁,好妹妹乐队,2
只取一瓢饮,谁,低苦艾,1
酒神赞歌,God’s Gonna Cut You Down,Costanza Francavilla,1
酒神赞歌,Lady Sings,Break Reform,1
酒神赞歌,The Avenue,Harold Budd,1
酒神赞歌,夜盲,橙草,1
酒神赞歌,看我72变,蔡依林,1
酒神赞歌,微加幸福,郁可唯,1
酒神赞歌,Shot You Down,Audio Bullys,1
酒神赞歌,说谎,林宥嘉,1
酒神赞歌,なごり雪,中森明菜,1
酒神赞歌,君知らず,ちあきなおみ,1
酒神赞歌,Devilred,Moonspell,2
酒神赞歌,放过,崔天琪,1
酒神赞歌,那一年,许巍,1
酒神赞歌,铁之贝克,Tizzy Bac,1
酒神赞歌,Mask,岑宁儿,1
酒神赞歌,Forever at Your Feet ,Oh Susanna,1
酒神赞歌,Let's Waste Some Time,Molly Johnson,1
酒神赞歌,STARS,中島美嘉,1
酒神赞歌,Silent Roar,Euphoria,1
酒神赞歌,这样爱你对不对,陈淑桦,1
酒神赞歌,Love Addict,中島美嘉,1
酒神赞歌,20岁,崔天琪,1
酒神赞歌,Riptide,Vance Joy,1
酒神赞歌,Only Love,Trademark,1
酒神赞歌,こぼれ花,ちあきなおみ,1
酒神赞歌,2/2,Brian Eno,1
酒神赞歌,Three Is An Orgy, Four Is Forever,Ordo Rosarius Equilibrio,1
酒神赞歌,逢いたくていま,MISIA,1
酒神赞歌,Summon The Wormarium,铁骑,1
酒神赞歌,Sing Along,Blue Man Group,1
酒神赞歌,Angie ,The Rolling Stones,1
酒神赞歌,艾玲,声音玩具,1
酒神赞歌,A Good Heart,Marc Enfroy,1
酒神赞歌,Lifesux,CAssette 记忆暗盒,1
酒神赞歌,人生いろいろ,島倉 千代子,1
酒神赞歌,I LOVE YOU,中森明菜,1
酒神赞歌,Demon Speeding,Rob Zombie,1
酒神赞歌,没有人知道,乌拉多恩,1
酒神赞歌,Thirteen Things,Elephant Parade,1
酒神赞歌,少年時代,井上陽水,1
酒神赞歌,Walpurga's Night,Theatres Des Vampires,1
酒神赞歌,Paper Paper,BRON-K,1
酒神赞歌,鸟人,乌拉多恩,1
酒神赞歌,Imagine Me Without You,Jaci Velasquez,1
酒神赞歌,Samba da Benção,Bebel Gilberto,1
酒神赞歌,盛夏光年,林忆莲,2
hopper,Sense of Purpose,The Sound,5
hopper,I Can't Escape Myself,The Sound,5
hopper,Total Recall,The Sound,5
hopper,Winning,The Sound,5
hopper,Missiles,The Sound,5
hopper,Contact the Fact,The Sound,5
hopper,Hour of Need,The Sound,5
hopper,Night Versus Day,The Sound,5
hopper,Heartland,The Sound,5
hopper,Words Fail Me,The Sound,5
dhew,那些花儿,范玮琪,1
dhew,We've Only Just Begun,Salena Jones,1
dhew,Lovesong ,The Cure,2
dhew,谁的眼泪在飞,孟庭苇,1
dhew,龙女之声,樊竹青,1
dhew,Only Time,Enya,1
dhew,暗示,李玟,1
dhew,心动,陈洁仪,1
dhew,情歌而已,声音碎片,1
dhew,长头发,许哲佩,1
dhew,Love Somebody,織田裕二,1
dhew,好きな人,Kiroro,1
dhew,Maybe I'm Amazed,Paul McCartney,1
dhew,Too Many Days,Maria Solheim,1
dhew,蓝莲花,许巍,1
dhew,高雅～メインテーマ,S.E.N.S.,1
dhew,诗了你的青春,麦子,1
dhew,Friend ,玉置浩二,1
dhew,愛される花 愛されぬ花,中島みゆき,1
dhew,The Virgin Queen,Mediæval Bæbes,1
dhew,Timber,Pitbull,1
dhew,Emily’s Song,The Tumbled Sea,2
dhew,落幕,心微,2
dhew,Say You Love Me,Jessie Ware,1
dhew,谢谢你的爱1999,谢霆锋,1
dhew,Lollipop,MIKA,2
dhew,Last Kiss,Pearl Jam,1
dhew,Molde Canticle ,Sissel,1
dhew,Veronica,nagaco,1
dhew,Triste,张悬,1
dhew,Hold On,Tom Waits,1
dhew,夏の終わり  ,森山直太朗,1
dhew,北上的列车,好妹妹乐队,1
dhew,Jailcell Mind,Hayley Sales,1
dhew,Forevermore,Katie Herzig,1
dhew,Star of the Sea,The Mediæval Bæbes,1
dhew,Down South Jukin',Lynyrd Skynyrd,2
dhew,Because We Do,The Ditty Bops,1
dhew,明天你是否依然爱我,童安格,1
dhew,Crazy,Patsy Cline,1
dhew,我爱你, 再见,朴树,1
dhew,Water Music,London Symphony Orchestra,1
dhew,White Avenue,Re:plus,1
king,小小夜曲,好妹妹乐队,2
king,老狗,万晓利,2
king,黑色的奔驰舞,木马,8
king,热气球要去往哪里,徐菲,1
king,《别找我麻烦》徐菲cover蔡健雅（live）,徐菲,1
king,How Can You Fall In Love With A Guy Who Doesn’t Know Gainsbourg?,My Little Airport,1
king,My little banana,My Little Airport,1
king,小龙人之歌,好妹妹乐队,1
king,太阳看起来圆圆的,万晓利,2
king,四季,好妹妹乐队,1
king,孤独鸟,万晓利,3
king,送你一朵山茶花,好妹妹乐队,2
king,初夏,万晓利,3
king,《小苹果》徐菲cover筷子兄弟,徐菲,1
king,丝绒蝴蝶,万晓利,3
king,操场,万晓利,3
king,水城,万晓利,3
king,Dee, it may all end tomorrow ,My Little Airport,1
king,土豆,万晓利,2
king,空对空,万晓利,2
king,My Little Fish,My Little Airport,1
king,Love Is Not A Romantic Song,My Little Airport,2
king,夏末,万晓利,2
king,周末我们去海边,好妹妹乐队,1
king,爱情disabled,My Little Airport,1
哦还有,If You Find Yourself Caught In Love,Belle and Sebastian,1
哦还有,墙上的向日葵 (2014i/O现场版),李志,1
哦还有,Let's Have A Party,Wanda Jackson,1
哦还有,Way over Yonder in the Minor Key,Billy Bragg,1
哦还有,Teenage,赌鬼,1
哦还有,Allie,Belle and Sebastian,2
哦还有,Mean Mean Man,Wanda Jackson,1
哦还有,I Want The World To Stop,Belle and Sebastian,1
哦还有,Please Excuse My Face,Kaleidoscope,1
哦还有,Today (This Army's for Peace),Belle and Sebastian,1
哦还有,Le Pastie De La Bourgeoisie,Belle and Sebastian,1
哦还有,Dirty Dream Number Two,Belle and Sebastian,2
哦还有,Sleep The Clock Around,Belle and Sebastian,1
哦还有,Animal Zoo,Spirit,1
哦还有,Dear Nellia Goodrich,Kaleidoscope,1
哦还有,Punk Boy,花儿乐队,1
哦还有,Riot In Cell Block #9,Wanda Jackson,1
哦还有,Osamu's Birthday,The United States of America,1
哦还有,杭州 (2014i/O现场版),李志,1
哦还有,Dear Catastrophe Waitress,Belle and Sebastian,1
哦还有,Lucy in the Sky with Diamonds,Easy Star All-Stars,2
哦还有,If You're Feeling Sinister,Belle and Sebastian,1
哦还有,The Power Of Three,Belle and Sebastian,1
哦还有,The Party Line,Belle and Sebastian,1
哦还有,Lord Anthony,Belle and Sebastian,2
哦还有,请原谅我,谢天笑,1
哦还有,这个世界会好吗2015,李志,1
哦还有,Perfect Couples,Belle and Sebastian,1
哦还有,Seven High,Damon Albarn,1
哦还有,来了 (2009现场版),李志,2
哦还有,Hostiles,Damon Albarn,1
哦还有,卡夫卡 (2009现场版),李志,1
哦还有,我是破坏王,花儿乐队,1
哦还有,红色气球 (2009现场版),李志,1
哦还有,The Boy With The Arab Strap,Legal Man,Belle and Sebastian,1
哦还有,Electronic Renaissance,Belle and Sebastian,1
哦还有,Nobody's Empire,Belle and Sebastian,1
哦还有,I Hate You,赌鬼,1
哦还有,糖,花儿乐队,1
哦还有,九月(结婚) (2009现场版),李志,1
哦还有,Blood of the Lamb,Billy Bragg,1
哦还有,Get Me Away From Here, I'm Dying,Belle and Sebastian,1
哦还有,If She Wants Me,Belle and Sebastian,1
糖小孩,Give Me One Kiss,Dengue Fever,1
糖小孩,凡人歌,李宗盛,1
糖小孩,我们的明天 (摇滚版),杨子姗,1
糖小孩,下世纪再嬉戏 (Live) ,黄耀明,1
糖小孩,忘了我是谁 (Live) ,黄耀明,1
糖小孩,Summer Palace Main Theme,Peyman Yazdanian,1
糖小孩,摆渡人的歌,周华健,1
糖小孩,偿还,杨子姗,1
糖小孩,上路,黄耀明,1
糖小孩,Milonga del Angel,Astor Piazzolla,2
糖小孩,氧气,郝蕾,10
糖小孩,给我一个吻,杨子姗,1
糖小孩,Integratron,Dengue Fever,2
糖小孩,Michelangelo '70,Astor Piazzolla,1
糖小孩,Prologue (Tango Apasionado),Astor Piazzolla,1
糖小孩,Finale (Tango Apasionado),Astor Piazzolla,2
糖小孩,囚鸟,张宇,1
糖小孩,滚滚红尘,罗大佑,1
糖小孩,姑娘十八似花娇 (正常版),宣萱,1
糖小孩,爱比死更冷,黄耀明,1
糖小孩,Soledad,Astor Piazzolla,1
糖小孩,La Camorra I,Astor Piazzolla,2
糖小孩,Libertango,Astor Piazzolla,3
糖小孩,I Want to Shout,Dengue Fever,1
糖小孩,Prologu(tango apasionado),钟定一,1
糖小孩,Tanguedia III,Astor Piazzolla,2
糖小孩,「新世界より」 第4楽章: アレグロ・コン・フォーコ,西本智実,1
糖小孩,爱恩斯坦与普罗米修斯的梦,刘以达,1
糖小孩,盛夏光年,林忆莲,1
糖小孩,趁早(2005版),张宇,1
仨儿,郭龙所指的那首日本歌,小河,1
仨儿,纯真年代,叶蓓,1
仨儿,广东姑娘,五条人,1
仨儿,生活在地下,野孩子乐队,2
仨儿,麦克,老狼,2
仨儿,秋天,布衣乐队,1
仨儿,香格里拉,黄玠,2
仨儿,北京秋天的黄昏,小柯,1
仨儿,I Will Survive,Art Brut,2
仨儿,没有理想的人不伤心,新裤子,1
仨儿,ヤキモチ,高橋優,2
仨儿,Canon,Trace Bundy,1
仨儿,Don't You Want Me,Bahamas,1
仨儿,Midnight City,M83,1
仨儿,圆明园,刮刮乐,2
仨儿,云 (Remix),卡奇社,2
仨儿,Rock 'n' Roll Star,Oasis,1
仨儿,立秋,筠子,1
仨儿,再见 北仑,诱导社乐队,1
仨儿,Henry Lee,Nick Cave & the Bad Seeds,1
仨儿,U Are So Great,哪吒,1
仨儿,飞的高的鸟不落在跑不快的牛的背上,小河,1
仨儿,关于郑州的记忆,李志,1
仨儿,Bad Weekend,Art Brut,1
仨儿,Good Weekend,Art Brut,1
仨儿,Anything But You,Civalias,1
仨儿,黑马河的儿子,王啸,1
仨儿,Wait,M83,1
仨儿,十万嬉皮,万能青年旅店,1
仨儿,赤いポリアン,友川かずき,1
仨儿,奇妙能力歌,陈粒,1
仨儿,亲爱的小孩,赵薇,1
仨儿,空隙,痛仰乐队,1
仨儿,Always Somewhere,Scorpions,1
仨儿,舞台的风,马赛克,1
仨儿,シャチ,The Birthday,1
仨儿,リンダリンダ,THE BLUE HEARTS,1
仨儿,Whiplash,Hank Levy,1
仨儿,Gimme Shelter,The Rolling Stones,1
仨儿,Good Morning Heartache,Kira,1
Roy,Young Blood,The Naked and Famous,1
Roy,Wings,Birdy,3
Roy,There Is a Light That Never Goes Out,The Smiths,2
Roy,Punching In A Dream,The Naked and Famous,1
Roy,野猫,透明杂志,1
Roy,Hound Dog,Elvis Presley,1
Roy,My Iron Lung,Radiohead,1
Roy,Dropla,Youth Lagoon,1
Roy,Heroes,Alesso,2
Roy,Should have taken acid with you (Body Language Remix),Neon Indian,2
Roy,Third Dystopia,Youth Lagoon,1
Roy,Where Did U Go ,G.E.M.邓紫棋,3
Roy,Terra,Язык Дождя,1
Roy,Bobby (Bonus Track),Youth Lagoon,1
Roy,Sleep Paralysis,Youth Lagoon,1
Roy,Lake,Tim, Face Berlin,1
Roy,Stutter,Yuck,2
Roy,Last Of The English Roses,Peter Doherty,3
Roy,Cannons,Youth Lagoon,2
Roy,Song for Zula,Phosphorescent,1
Roy,Montana,Youth Lagoon,1
Roy,Girls Just Want to Have Fun,Starfucker,1
Roy,Pelican Man,Youth Lagoon,1
Roy,Fineshrine,Purity Ring,1
Roy,Beer's Waiting,透明杂志,1
Roy,Ghost to Me (Bonus Track),Youth Lagoon,1
Roy,The Bath,Youth Lagoon,1
Roy,Daydream,Youth Lagoon,1
Roy,逍遥客,小老虎,4
Roy,Obedear,Purity Ring,1
Roy,万华的宇宙,透明杂志,1
Roy,southern skies,The End Of The Ocean,3
Roy,Raspberry Cane,Youth Lagoon,1
Roy,The Hunt,Youth Lagoon,1
How High,野三坡,王菲,2
How High,张荐:键盘、电脑、笛/陈兵:箱琴/巫娜:贝司,窦唯,1
How High,风景,窦唯,1
How High,再一次的再见,好妹妹乐队,1
How High,堕落,王菲,2
How High,南方,达达,4
How High,Vessel,Jon Hopkins,1
How High,回音,花伦,2
How High,馬車を曳いて,椙山浩一,1
How High,末日,王菲,1
How High,Insides,Jon Hopkins,1
How High,迷走江湖,窦唯,1
How High,开心电话,窦唯,1
How High,记忆隧道,花伦,1
How High,Right Back (Original Mix),Yuri Kane,2
How High,The Wider Sun,Jon Hopkins,1
How High,Around You (Original Mix),Yuri Kane,1
How High,无常,王菲,3
How High,晚霞,窦唯,1
How High,山河水,窦唯,1
How High,扫兴,王菲,2
How High,不安,王菲,2
How High,美丽的期待,窦唯,1
How High,想像,王菲,2
How High,The Songs of Maldoror Six,花伦,2
How High,哪儿,王菲,1
How High,A Secret Hiding in the Open,Hammock,1
How High,Locating Silence,Hammock,1
How High,浮躁,王菲,3
How High,Track 01 ,窦唯,1
How High,Maladolecenza,花伦,2
How High,分裂,王菲,2
bigbodyboy,Mano a Mano,Julio Iglesias,1
bigbodyboy,Can't Be Messing 'Round,Craig David,1
bigbodyboy,People Get Real,Saint Etienne,1
bigbodyboy,Dilworths Theme,Saint Etienne,1
bigbodyboy,7 Days,Craig David,1
bigbodyboy,Rendezvous,Craig David,1
bigbodyboy,喜欢,张悬,2
bigbodyboy,Carnt Sleep,Saint Etienne,1
bigbodyboy,Follow Me,Craig David,1
bigbodyboy,Adiós, Pampa Mía!,Julio Iglesias,1
bigbodyboy,Transmission,Joy Division,1
bigbodyboy,The Nomads of Niger,Jeff Mills,1
bigbodyboy,Parliament Hill,Saint Etienne,2
bigbodyboy,Fill Me In,Craig David,1
bigbodyboy,Yira, Yira,Julio Iglesias,1
bigbodyboy,并不,张悬,2
bigbodyboy,欲望把眼前的地板铺满,张悬,3
bigbodyboy,模样,张悬,2
bigbodyboy,Etienne Gonna Die,Saint Etienne,1
bigbodyboy,El Choclo,Julio Iglesias,1
bigbodyboy,Love Will Tear Us Apart,Joy Division,2
bigbodyboy,亲爱的,张悬,2
bigbodyboy,嫁祸进行式,张悬,1
bigbodyboy,天空,蔡依林,1
bigbodyboy,Fake 88,Saint Etienne,1
bigbodyboy,Winter In America,Saint Etienne,1
bigbodyboy,Gonna Stop,张悬,2
bigbodyboy,Skys Dead,Saint Etienne,1
bigbodyboy,许愿池的希腊少女,蔡依林,1
bigbodyboy,讨人厌的字,张悬,2
bigbodyboy,Kiss And Make Up (US Version),Saint Etienne,1
bigbodyboy,野蛮游戏,蔡依林,1
bigbodyboy,儿歌,张悬,2
bigbodyboy,Outro,张悬,2
bigbodyboy,毕竟,张悬,2
bigbodyboy,This Is Radio Etienne,Saint Etienne,1
bigbodyboy,Wilson,Saint Etienne,1
张文汉,Take Me To Your Heart,Michael Learns To Rock,1
张文汉,Louder Than Thunder,The Devil Wears Prada,1
张文汉,Nobody Knows,Cockney Rejects,2
张文汉,Altitude,Dawn Chorus Ignites,2
张文汉,Morning Hollow,Sparklehorse,1
张文汉,无法停下,AK-47,3
张文汉,You Took My Heart Away,Michael Learns To Rock,1
张文汉,Married With Children,Oasis,1
张文汉,Sunny Afternoon,The Kinks,1
张文汉,真实谎言,周先生,1
张文汉,月亮粑粑,钟志刚,1
张文汉,一起摇摆,汪峰,1
张文汉,Rockstar,Nickelback,1
张文汉,鼓浪屿,铁风筝乐队,1
张文汉,Battersea Bardot,Cock Sparrer,1
张文汉,Last Train Home,Ryan Star,1
张文汉,Bonfire,Knife Party,1
张文汉,Sparks,Coldplay,1
张文汉,In Your Words ,Lamb of God,1
张文汉,Leave Them All Behind,Ride,2
张文汉,2000 Miles,Mest,1
张文汉,We're Not Supposed To,Supergrass,1
张文汉,Faithless The Wonder Boy,Radiohead,1
张文汉,如果伤害是场意外,再循环乐队,1
张文汉,Awakening,Yellowcard,1
张文汉,Temporary Borders,Illnath,1
张文汉,Dance of the Moon and Stars,John Adorney,1
张文汉,Don’t Leave My Mind,Azure Ray,1
张文汉,关于未来 我不知道,岛屿心情,1
张文汉,Cadavres Exquis (Howard Song),Little Nemo,1
张文汉,一千零一个愿望,4 In Love,1
张文汉,Cloud Connected,In Flames,1
张文汉,Walking In The Street,Tribes,1
张文汉,两个妈妈,嘎调,2
张文汉,The Boys in Blue,Hard Skin,1
张文汉,On My Own,Ashes Remain,1
张文汉,Intro,Alt-J,1
张文汉,The Word,Whiskey Priest,1
张文汉,过滤,Space Sonic,2
张文汉,Wake Up,Arcade Fire,2
王凸凸,Under Cover,Ducktails,1
王凸凸,不管是白猫还是黑猫,Chui Wan,3
王凸凸,Timothy Shy,Ducktails,1
王凸凸,Tic Tac,川秋沙,1
王凸凸,辩驳,Chui Wan,2
王凸凸,今 (Live),椎名林檎,2
王凸凸,新娘茶,川秋沙,1
王凸凸,蛹,川秋沙,1
王凸凸,葬列 (Live),椎名林檎,2
王凸凸,Berber,Chui Wan,1
王凸凸,大稻埕,川秋沙,2
王凸凸,百戏,川秋沙,1
王凸凸,都合のいい身体 (Live),椎名林檎,1
王凸凸,白夜,Chui Wan,2
王凸凸,明日未知,Chui Wan,1
王凸凸,The Flower Lane,Ducktails,1
王凸凸,Illumination,The fin.,1
王凸凸,掠梦者,川秋沙,5
王凸凸,蝴蝶,川秋沙,3
王凸凸,Night Time,The fin.,1
王凸凸,日出之前,川秋沙,1
王凸凸,Ivy Covered House,Ducktails,1
王凸凸,Dan Ding He,Chui Wan,2
王凸凸,另一种爱,Chui Wan,2
王凸凸,签诗,川秋沙,1
王凸凸,游泳,Chui Wan,4
王凸凸,赤道を越えたら (Live),椎名林檎,1
王凸凸,明天你还是我的孙吗,川秋沙,1
王凸凸,白噪音,川秋沙,4
Mu,All Alright,Sigur Rós,1
Mu,Dream Of Thaw,Balmorhea,1
Mu,A Lack Of Symmetry,Between Days,1
Mu,待到寒蝉鸣泣时,时过夏末,2
Mu,Violence,Low,1
Mu,你的早晨 / 天空之城 / 暧昧 (2013版),李志,2
Mu,Shame,Low,1
Mu,Swingin',Low,1
Mu,米店,李志,1
Mu,出走太平洋,何韵诗,1
Mu,Untitled 2,California Stories Uncovered,1
Mu,Kyoto,Anoice,3
Mu,Is There Anything Else, Charles?,Wess Meets West,1
Mu,England and a Broken Radio,Six by Seven,1
Mu,Below & Above,Low,1
Mu,Time Destroys Everything, But Our Foundation Remains,This Patch of Sky,1
Mu,Tear Out the Pages,On Escalators,1
Mu,Final Touch / Hidden agenda,Ef,15
Mu,Throw Out the Line,Low,1
Mu,Man On The Moon,后海大鲨鱼,1
Mu,Invisible Sun,Silence Kit,3
Mu,Parvati,My Sleeping Karma,1
Mu,The Wrongful Life of Michel Bollinger,Yusuke Tsutsumi,2
Mu,She's Not Gone Yet But She's Leaving,The Fratellis,1
Mu,Nothing Changes,Saxon Shore,1
Mu,Immortal Love,All The Bright Lights,3
violinfee,Raining Again (Steve Angello's Vocal Mix),Moby,1
violinfee,Lately,Ryan Helsing,1
violinfee,Glass Sea,Poppy Ackroyd,1
violinfee,Stars,Ryan Helsing,1
violinfee,Ideas As Opiates,Epic45,1
violinfee,Man's World (Rework),Whilk & Misky,1
violinfee,First Snow (Ooah Remix),Emancipator ,2
violinfee,Rain,Poppy Ackroyd,1
violinfee,A Moment In September,Awake,1
violinfee,Hold On,Tony Anderson,1
violinfee,Acquainted With Sorrow,Ryan Helsing,1
violinfee,Roads,Poppy Ackroyd,1
violinfee,Feathers,Poppy Ackroyd,1
violinfee,The Father's Heart,Tony Anderson,1
violinfee,Blue Hour,Ryan Helsing,1
violinfee,America,Dusty Kid,1
violinfee,The March,Lights & Motion,1
violinfee,Burn With Me,Whilk & Misky,1
violinfee,So Good to Me (Rework),Whilk & Misky,1
violinfee,Rise ,Tony Anderson,2
violinfee,Drift,Lights & Motion,1
violinfee,Palpitation Stand By,Palpitation,1
violinfee,All My Feeling Were Fake,RQTN,1
violinfee,Clap Your Hands,Whilk & Misky,1
violinfee,Hope For Fools,Ryan Helsing,1
violinfee,Aliquot,Poppy Ackroyd,1
violinfee,Last Light,It May Never End,1
violinfee,Miami Skyline,Tony Anderson,1
violinfee,Swoon (Lindstrøm & Prins Thomas Remix),The Chemical Brothers,1
violinfee,Defeat,Epic45,1
violinfee,Awake,Tycho,2
violinfee,Reo White Golden Stripes,Palpitation,1
violinfee,Cascade,Ryan Helsing,1
violinfee,Qawwali,Pinch,2
violinfee,Climb A Thousand Miles,Dexter Britain,1
violinfee,Disappear,Ryan Helsing,1
violinfee,Angeldust,Awake,1
violinfee,I'm Not Alone (Deadmau5 Remix),Calvin Harris,1
violinfee,Raise Your Weapon,deadmau5,1
violinfee,Darklands,Whilk & Misky,2
violinfee,Through The Alter Ego Justifications,The Seven Mile Journey,2
violinfee,Take Control,Gui Boratto,2
violinfee,Timeless,Poppy Ackroyd,1
生活从吃掉月亮开始,Crystal Visions,The Big Pink,1
生活从吃掉月亮开始,John Brown's Body,Gregory Alan Isakov,1
生活从吃掉月亮开始,The Kindness of Strangers,The American Analog Set,2
生活从吃掉月亮开始,No Other,Gene Clark,1
生活从吃掉月亮开始,Star,Boozoo Bajou,1
生活从吃掉月亮开始,Invisible & Silent,Covenant,1
生活从吃掉月亮开始,So You,Blur,1
生活从吃掉月亮开始,This Momentary,Delphic,1
生活从吃掉月亮开始,夜空多灿烂,果味VC,1
生活从吃掉月亮开始,Lean on Me,Moby,1
生活从吃掉月亮开始,Go Out,Blur,1
生活从吃掉月亮开始,Speed Trials,Elliott Smith,1
生活从吃掉月亮开始,Pale Blue Eyes,The Velvet Underground,1
生活从吃掉月亮开始,Venus,Clan of Xymox,1
生活从吃掉月亮开始,The God Particle,Shpongle,1
生活从吃掉月亮开始,Rebel Rebel,David Bowie,1
生活从吃掉月亮开始,When You Wish Upon A Star (LP Version),Leon Redbone,1
生活从吃掉月亮开始,You Really Got Me,The Kinks,1
生活从吃掉月亮开始,Boing Boom Tschak,Kraftwerk,4
生活从吃掉月亮开始,不要停止我的音乐,痛仰乐队,1
生活从吃掉月亮开始,Funk #49,The James Gang,1
生活从吃掉月亮开始,No Turning Back,Gui Boratto,1
生活从吃掉月亮开始,花,花儿乐队,2
生活从吃掉月亮开始,Closer,Travis,1
生活从吃掉月亮开始,Monkey Gone to Heaven,Pixies,1
生活从吃掉月亮开始,Rock 'N' Roll Singer,AC/DC,1
生活从吃掉月亮开始,Spanish Harlem Incident,The Byrds,1
生活从吃掉月亮开始,Norwegian Wood (This Bird Has Flown),The Beatles,1
生活从吃掉月亮开始,Shebang,Gui Boratto,1
生活从吃掉月亮开始,California Dreamin',The Mamas & The Papas,1
生活从吃掉月亮开始,Anna (Go to Him),The Beatles,1
生活从吃掉月亮开始,Piece Of My Heart,Janis Joplin,1
生活从吃掉月亮开始,We No Who U R,Nick Cave & the Bad Seeds,1
生活从吃掉月亮开始,讽刺,何欣穗,2
生活从吃掉月亮开始,Shoot the Poets,The Cribs,1
生活从吃掉月亮开始,Salt Lake City Sunday,Fad Gadget,1
生活从吃掉月亮开始,Kardusen,pg.lost,1
生活从吃掉月亮开始,让我想一想,陈绮贞,1
生活从吃掉月亮开始,Myopia,Moby,1
生活从吃掉月亮开始,Help the Aged,Pulp,1
生活从吃掉月亮开始,Aquarium,Casino Versus Japan,1
生活从吃掉月亮开始,Warning Sign,Travis,1
生活从吃掉月亮开始,上帝保佑,窦唯,1
妖风肆虐,Somewhere Else,Brian Cullman,1
妖风肆虐,Too Original,Major Lazer,1
妖风肆虐,All My Love (Remix),Major Lazer,1
妖风肆虐,Powerful,Major Lazer,1
妖风肆虐,Homie,Phoebe Ryan,1
妖风肆虐,Skin & Bones,Al Lewis & Sarah Howells,1
妖风肆虐,Blanc cassé,Alexandre Poulin,1
妖风肆虐,Dark Horse (The Voice Performance),Christina Grimmie,1
妖风肆虐,Conversations With Stars,Brightwood,1
妖风肆虐,Time,Josh Rouse,1
妖风肆虐,Barricades,The Saint John's,1
妖风肆虐,Surefire,Brightwood,1
妖风肆虐,Honey (Bonus Track),McClain,1
妖风肆虐,Josephine,The Saint John's,1
妖风肆虐,The Happy Song,Poets of the Fall,1
妖风肆虐,Never Never Land,Lyfe Jennings,1
妖风肆虐,Marked & Tied,Brightwood,1
妖风肆虐,Missing You by Miles,Brian Cullman,1
妖风肆虐,Wake,Brightwood,1
妖风肆虐,我管你,华晨宇,1
妖风肆虐,Vis Major,Brightwood,1
妖风肆虐,Growing Old,McClain,1
妖风肆虐,Fire Walker,Black Rebel Motorcycle Club,1
妖风肆虐,Mother,Cocoon,1
妖风肆虐,Swan Song,Brightwood,1
妖风肆虐,The Secret Doors,Brian Cullman,1
妖风肆虐,真相,张杰,1
妖风肆虐,Don't Forget Me Son,McClain,1
妖风肆虐,Language of Your Eyes,McClain,1
妖风肆虐,Lean On,Major Lazer,1
妖风肆虐,Wide Open,Brightwood,1
妖风肆虐,J'Attends,Brian Cullman,1
妖风肆虐,Birds,Margot & the Nuclear So and So's,1
妖风肆虐,Valentine,Ingrid St-Pierre,1
妖风肆虐,The Heart Wants What It Wants,Selena Gomez,1
妖风肆虐,Pheasant Feather,Josh Rouse,1
妖风肆虐,Something New,Faul,2
妖风肆虐,Find Me (Stripped),Christina Grimmie,1
妖风肆虐,My Baby Cares For The Animals,Margot & the Nuclear So and So's,1
妖风肆虐,Your Head and Your Heart,The Saint John's,1
妖风肆虐,As a Man Gets Older,Brian Cullman,1
妖风肆虐,Be Together,Major Lazer,1
妖风肆虐,Midnight Calling [Down the Road],Swing Republic ,1
妖风肆虐,Hello, San Francisco,Margot & the Nuclear So and So's,1
妖风肆虐,You and Me,McClain,1
妖风肆虐,High School Football,McClain,1
妖风肆虐,Last Man On Earth (Radio Edit),Mike Candys,1
妖风肆虐,Sweet Companion,Brian Cullman,1
马上,The Maker,The Tea Party,1
马上,All Alone (No One to Be With),Everything But the Girl,1
马上,Description of a Fool,Groove Armada,1
马上,Words,Low,1
马上,Mirror,Talvin Singh,1
马上,A Kidney Problem,Arab on Radar,1
马上,Crax,Axel Dörner,2
马上,Weather Storm,Talvin Singh,1
马上,Thieves,Limp Bizkit,6
马上,Gates of Chaos,Raz Mesinai,1
马上,Cascades of Color,Everything But the Girl,1
马上,Hymnen,Einstürzende Neubauten,1
马上,Raga Komal Rishabh Asavari (Alap),The Gundecha Brothers,1
马上,Friends and Enemies,Everything But the Girl,1
马上,Black Roses,The Tea Party,1
马上,Dinosaur's Lament,Lamb,1
马上,Cypher,The Tea Party,1
马上,Cut,Low,1
马上,Stars All Seem to Weep,Everything But the Girl,1
马上,Slide,Low,1
马上,Cop Song,Arab on Radar,1
马上,The Voodoo Sessions Mixed By Lamb,Lamb,1
马上,Ananta,Talvin Singh,1
马上,The Black Sea,The Tea Party,1
马上,Paradise Circus (Maor Levi Big Room Mix),Massive Attack,1
马上,Attack on Tijuana,Arab on Radar,1
马上,River,Talvin Singh,1
马上,Untitled,Axel Dörner,3
马上,Market Place,Raz Mesinai,1
马上,Bayou,Everything But the Girl,1
马上,Pink,Talvin Singh,1
马上,Flow,Everything But the Girl,1
马上,In de Loopgraf,Einstürzende Neubauten,1
马上,Kriegsmaschinerie,Einstürzende Neubauten,1
马上,Lazy,Low,1
马上,Asphalt Sea,马上&DJ Bamboo,4
马上,Dance,Talvin Singh,1
呀呀呀,Higurashi,heRajiKa Tracks,1
呀呀呀,Poetic Justice,Elli Ingram,1
呀呀呀,View from a Hill,The Chameleons,1
呀呀呀,Windy Lady ,cro-magnon,1
呀呀呀,Red Morning,Devics,1
呀呀呀,Tour de France Étape 2 (Continued),Kraftwerk,1
呀呀呀,Goddess,BANKS,1
呀呀呀,Climbing My Dark Hair,Elysian Fields,1
呀呀呀,Men's Needs,The Cribs,1
呀呀呀,Sumimasen,kuma,1
呀呀呀,Prologue,Kraftwerk,1
呀呀呀,Enjoy (Original Mix),Gigamesh,1
呀呀呀,Abstract Moments,Avens,1
呀呀呀,She Sleeps (Gang Gang Dance Remix),FaltyDL,1
呀呀呀,Ready For Your Love,Gorgon City,1
呀呀呀,Over the Pond,The Album Leaf,1
呀呀呀,Happy Birthday!,Modeselektor,1
呀呀呀,Private Jet,Penthouse Penthouse,1
呀呀呀,定西,李志,1
呀呀呀,we may be remembered by what we did when we sat down,Youth Pictures of Florence Henderson,1
呀呀呀,Rather Be,Clean Bandit,1
呀呀呀,Strandbar (Disko),Todd Terje,4
呀呀呀,One,m-taku,1
呀呀呀,Konturatu,Yakuzi,1
呀呀呀,Singin' in the Rain,Gene Kelly,1
呀呀呀,Talk To Me,Ghost Loft,1
呀呀呀,Back Home,Gold Panda,1
呀呀呀,Azzurra (It’s Not The Same Version),Gui Boratto,1
呀呀呀,The Blower's Daughter,Damien Rice,1
呀呀呀,Yeah Y’all,DJ Mitsu the Beats,1
呀呀呀,Candy Flavored Lips,Spazzkid,1
呀呀呀,Why,Charles Murdoch,1
呀呀呀,Fresh Water,Tale Of Us,1
呀呀呀,tomorrow we'll be dying,Drawing The Endless Shore,1
呀呀呀,Tour de France Étape 1,Kraftwerk,1
呀呀呀,Can't Do Without You,Caribou,1
呀呀呀,Undefined,Cavalier,1
呀呀呀,Morning Flow,Stéphane Pompougnac,1
呀呀呀,Summer tape,The Cancel,1
呀呀呀,Affection,Ahu,1
呀呀呀,Waiting,FKJ,1
呀呀呀,Ivy Covered House,Ducktails,1
呀呀呀,Shine A Light (Let's Love),Robert de Boron ,1
呀呀呀,That Gurl (Original Mix),ALIZZZ,1
呀呀呀,In 1983 He Loved to Fly,1 Mile North,1
呀呀呀,Shine (Nebbra Remix),Karin Park,1
01,Scud Hitile,Augustus Pablo,1
01,You Are Here,Sascha Funke,1
01,I,Supercar,1
01,About You,XXYYXX,1
01,Be With Me,GusGus,1
01,兰州 兰州,低苦艾,1
01,杀死那个石家庄人,万能青年旅店,1
01,怕你为自己流泪,黑豹,1
01,Young Athenian Lovers,Air Tycoon,1
01,只有一个愿望,谢天笑,1
01,上帝保佑,窦唯,1
01,蚂蚁 蚂蚁,张楚,2
01,最后一个人,谢天笑,1
01,幻とのつきあい方 ,坂本慎太郎,2
01,Sola Sistim,Underworld,1
01,风是外衣,谢天笑,1
01,Honey,Spacemen 3,1
01,秦皇岛,万能青年旅店,1
01,Intro,囍,1
01,无地自容,黑豹,1
01,Day in the Life,The Beatles,1
01,Jado Mixtape,远东之狮,1
01,Deep Inside,GusGus,1
01,ROCKABILLY LOVER,Rolling Bowling,1
01,Nights Off,Siriusmo,1
01,超级Party,木马,2
01,Horizons,Fluxion,1
01,Selfoss,GusGus,1
01,梭罗河 ,黑鸭子,2
01,上苍保佑吃完了饭的人民,张楚,1
01,Get To France,Mogwai,1
01,ブルックリン最終出口,THE NOVEMBERS,1
01,浴缸小夜曲(Live),Rolling Bowling,1
01,Rollin' Rollin' (ドリアンの终わらないアーバンソウル),七尾旅人,1
01,The Distance Speaks,Daycast,2
01,Eventually,Ornette Coleman,1
01,1979,The Smashing Pumpkins,1
01,我们不由自主的亲吻对方,低苦艾,1
01,Hikenai Guitar wo Hikundaze (previously unreleased),電気グルーヴ,1
01,Over,GusGus,1
為夢而生,Endless Forms Most Beautiful,Nightwish,1
為夢而生,The Light,Adam Lambert,1
為夢而生,Shame,Adam Lambert,1
為夢而生,Ghost Town,Adam Lambert,3
為夢而生,Things I Didn’t Say,Adam Lambert,1
為夢而生,Edema Ruh (Instrumental),Nightwish,1
為夢而生,Alpenglow,Nightwish,1
為夢而生,Élan (Instrumental),Nightwish,1
為夢而生,活在裆下之: G小调谐揍曲,脑浊乐队,2
為夢而生,After Hours,Adam Lambert,1
為夢而生,再见乌托邦,脑浊乐队,1
為夢而生,TA,脑浊乐队,4
為夢而生,Yours Is An Empty Hope (Instrumental),Nightwish,1
為夢而生,There I Said It,Adam Lambert,1
為夢而生,Hate The Taste,Black Rebel Motorcycle Club,1
為夢而生,My Walden (Instrumental),Nightwish,1
為夢而生,Our Decades In the Sun (Instrumental),Nightwish,1
為夢而生,Weak Fantasy,Nightwish,1
為夢而生,The Eyes Of Sharbat Gula,Nightwish,1
為夢而生,Lucy,Adam Lambert,1
為夢而生,Endless Forms Most Beautiful (Instrumental),Nightwish,1
為夢而生,Underground,Adam Lambert,1
為夢而生,Another Lonely Night,Adam Lambert,1
為夢而生,Shudder Before The Beautiful (Instrumental),Nightwish,1
為夢而生,Weak Fantasy (Instrumental),Nightwish,1
為夢而生,My Walden,Nightwish,1
為夢而生,Future Starts Slow,The Kills,2
為夢而生,Heavy Fire,Adam Lambert,1
為夢而生,Big City Light,脑浊乐队,1
為夢而生,Our Decades In the Sun,Nightwish,1
為夢而生,The Original High,Adam Lambert,2
為夢而生,Élan,Nightwish,1
為夢而生,Yours Is An Empty Hope,Nightwish,1
為夢而生,Rumors,Adam Lambert,1
為夢而生,The Greatest Show On Earth (Instrumental),Nightwish,2
為夢而生,The Greatest Show On Earth,Nightwish,1
為夢而生,Alpenglow (Instrumental),Nightwish,1
為夢而生,Evil In the Night,Adam Lambert,1
為夢而生,These Boys,Adam Lambert,1
為夢而生,Edema Ruh,Nightwish,1
為夢而生,The Eyes Of Sharbat Gula (Instrumental),Nightwish,1
▲ боль,河流,吴莫愁,1
▲ боль,爱笑的房子 ,李欣芸,1
▲ боль,长空下的独白 ,包美圣,3
▲ боль,风,韩正皓,3
▲ боль,7/11,Beyoncé,1
▲ боль,宜兰的春天,李雨寰,1
▲ боль,Thinking Out Loud,Ed Sheeran,1
▲ боль,浮云游子,北京天使合唱团,1
▲ боль,橄榄树 ,齐豫,2
▲ боль,Young & Beautiful,Lana Del Rey,1
▲ боль,Crazy in Love,Beyoncé,1
▲ боль,民歌手,杨弦,2
▲ боль,生命是场马拉松,旅行团,1
▲ боль,Try,P!nk,1
▲ боль,下午的一出戏 (音乐),陈明章,1
▲ боль,微光中的歌吟 ,郑怡,1
▲ боль,热河,李志,1
▲ боль,假如让我说下去,杨千嬅,3
▲ боль,Teenage Dream,Katy Perry,1
▲ боль,Applause,Lady Gaga,3
▲ боль,Александра,Юрий Визбор,2
▲ боль,雨中即景 ,王梦麟,2
▲ боль,下午的一出戏,陈明章,1
▲ боль,Super Bass,Nicki Minaj,1
▲ боль,歌声满行囊 ,杨芳仪,1
▲ боль,散场电影 ,木吉它合唱团,2
▲ боль,微风往事 ,郑怡,1
▲ боль,散场电影,南方二重唱,1
▲ боль,吉姆餐厅,赵雷,1
▲ боль,看我听我 ,包美圣,1
▲ боль,就要挥别 ,杨芳仪,2
▲ боль,托斯卡尼 我想起你 ,李欣芸,1
▲ боль,傻瓜旅行,钟立风,3
▲ боль,浮云游子 ,陈明韶,1
某晒,污水塘 ,惘闻,2
某晒,寂寞难耐,李宗盛,26
某晒,给所有单身女子,李宗盛,1
某晒,你快乐(所以我快乐),王菲,6
某晒,オーブル街,Phew,15
Crush,Dark Mavis / An Open Letter to the Lyrical Trainspotter,Mansun,1
Crush,Everywhere I Go ,Hollywood Undead,1
Crush,Come Back From San Francisco (Rameses B Instrumental Remix),Rameses B,1
Crush,不说再见,王晓天,1
Crush,When the wind blows again,little moa,1
Crush,藁人形売りの少女,小南泰葉,1
Crush,Talkin’ In My Sleep (The Bloody Beetroots,The Bloody Beetroots,4
Crush,Promenade,little moa,4
Crush,Rose,Ludovico Einaudi,3
Crush,little sharon,中川イサト,1
Crush,What Went Down,Foals,1
Crush,Cuckoo,Kathryn Williams,1
Crush,莫名我就喜欢你,C-BLOCK,1
Crush,Mystery Meat (The Bloody Beetroots Remix),The Bloody Beetroots,4
Crush,Mirrors,Kathryn Williams,2
Crush,Monday,Ludovico Einaudi,2
Crush,Light,little moa,2
Crush,Ballet,little moa,3
Crush,5minutes before sunset,little moa,1
Crush,Divenire,Ludovico Einaudi,2
Crush,Should It Matter ,Sissel,1
Crush,Wild World,Cat Stevens,1
Crush,Battleships,Kathryn Williams,1
Crush,Permanent daylight,little moa,3
Crush,Andare,Ludovico Einaudi,1
Crush,Electric,Kathryn Williams,1
shawshank,单身美好,郭静,1
shawshank,Cool Kids,Echosmith,1
shawshank,二手烟,蔡健雅,1
shawshank,Salted Wound,Sia,1
shawshank,年华似水,黄磊,1
shawshank,Royals,Lorde,1
shawshank,Silver,Caribou,1
shawshank,双手的温柔,江美琪,3
shawshank,Two Weeks,Grizzly Bear,1
shawshank,On Our Way,The Royal Concept,1
shawshank,冲动,萧亚轩,1
shawshank,热气球,黄淑惠,1
shawshank,没有找到你,刘思涵,1
shawshank,一切安好,莫文蔚,1
shawshank,One Last Dance,Emin,1
shawshank,The Waiting,Kevin Rowe,1
shawshank,蜚,卡奇社,1
shawshank,云,卡奇社,1
shawshank,Imagine,John Lennon,1
shawshank,忘了我,杨宗纬,1
shawshank,装修,金玟岐,1
shawshank,Run Run,The Rival,1
shawshank,Say You Love Me,Jessie Ware,1
shawshank,花火,梁咏琪,1
shawshank,出发,林伯宏,1
shawshank,Afternoon,Youth Lagoon,1
shawshank,我不会爱,萧敬腾,1
shawshank,说爱就爱,吴建豪,1
shawshank,By Your Side,Sade,1
shawshank,我的心里是满的,程璧,1
shawshank,สิ่งที่ตามหา,Getsunova,1
shawshank,泣き顔スマイル,hinaco,1
shawshank,What If She's an Angel,Tommy Shane Steiner,1
shawshank,Digital Witness,St. Vincent,1
shawshank,Desire,Years & Years,1
shawshank,哼情歌,徐佳莹,1
shawshank,默认 (十年版),金池,1
shawshank,分离,陈建骐,1
shawshank,Walking on a Dream,Empire of the Sun,1
shawshank,一夜惊喜,李治廷,2
shawshank,整夜大雨,邱比,1
shawshank,默,那英,1
shawshank,缺口,庾澄庆,1
shawshank,就是爱你,陶喆,1
shawshank,劫后余生,萧亚轩,1
shawshank,来不及,罗忆诗,1
shawshank,许愿,梁咏琪,1
汉堡小姐,[Drill Sergeant],Muse,1
汉堡小姐,Morning,Beck,1
汉堡小姐,Heartlines (Acoustic Version),Florence and the Machine,1
汉堡小姐,盛夏光年,林忆莲,1
汉堡小姐,Just Like Blood,Sharon Van Etten,6
汉堡小姐,Fly,Avril Lavigne,3
汉堡小姐,I Don't Want to Let You Down,Sharon Van Etten,6
汉堡小姐,Pay My Debts,Sharon Van Etten,4
汉堡小姐,Tell Me (Live),Sharon Van Etten,5
汉堡小姐,Never Let Me Go,Florence and the Machine,1
汉堡小姐,I Always Fall Apart,Sharon Van Etten,6
汉堡小姐,微光,华晨宇,1
汉堡小姐,Dreams,Beck,9
汉堡小姐,Dead Inside,Muse,1
汉堡小姐,爱我的人,于文文,1
汉堡小姐,Shake It Out (Acoustic Version),Florence and the Machine,1
如心如悟,观音十法,马常胜,1
如心如悟,幸福,齐豫,1
如心如悟,藏族男女低转,张镒麟,1
如心如悟,迁徙,张镒麟,1
如心如悟,般若心咒,马常胜,1
如心如悟,哭泣的骆驼,齐豫,1
如心如悟,中性群,张镒麟,1
如心如悟,藏传大悲咒,马常胜,1
如心如悟,Love Never Dies,Donna De Lory,1
如心如悟,主题大提琴,张镒麟,1
如心如悟,莲师除障文,马常胜,1
如心如悟,药师佛心咒,马常胜,1
如心如悟,主题单簧管,张镒麟,1
如心如悟,主题远方,张镒麟,1
如心如悟,Where I've never Been,Donna De Lory,1
如心如悟,有·没有,齐豫,1
如心如悟,话题,齐豫,1
如心如悟,叹息瓶,齐豫,1
如心如悟,觉 (遥寄林觉民),齐豫,1
如心如悟,风的约定,薛汀哲,1
如心如悟,Only time,Donna De Lory,1
如心如悟,飞鸟与鱼,齐豫,6
如心如悟,既然你问起,齐豫,1
如心如悟,女人与小孩 II,齐豫,1
如心如悟,西夏之歌,罗天泽,1
如心如悟,六字大明咒,马常胜,1
如心如悟,清平调,王菲,1
如心如悟,南阳城战,月之门音乐文化,1
如心如悟,仙踪,月之门音乐文化,1
如心如悟,锤子,张镒麟,1
如心如悟,阴沉要发生,张镒麟,1
如心如悟,On And On,Donna De Lory,1
如心如悟,Please,Donna De Lory,1
如心如悟,女人与小孩 I,齐豫,1
如心如悟,黄财神心咒,马常胜,1
如心如悟,作明佛母心咒,马常胜,1
如心如悟,白度母心咒,马常胜,2
如心如悟,悲壮轮回女声,张镒麟,1
如心如悟,神秘的木雅人,张镒麟,1
如心如悟,古村夜语,月之门音乐文化,1
如心如悟,莲师心咒,马常胜,1
如心如悟,Hold Me Now,Donna De Lory,1
如心如悟,懒洋洋,齐豫,1
如心如悟,四十个无亲无故的年头,齐豫,1
戴珍珠耳环的阿远,爱一个人好难,苏永康,2
戴珍珠耳环的阿远,傲寒,马頔,1
戴珍珠耳环的阿远,妈说,贰佰,3
戴珍珠耳环的阿远,公司里的爱琴海,My Little Airport,2
戴珍珠耳环的阿远,寂寞拥挤,林忆莲,1
戴珍珠耳环的阿远,酷爱,张敬轩,2
戴珍珠耳环的阿远,秦皇岛,万能青年旅店,2
戴珍珠耳环的阿远,十七岁的雨季,林志颖,1
戴珍珠耳环的阿远,The Power,Suede,1
戴珍珠耳环的阿远,Chrome Sitar,T. Rex,1
戴珍珠耳环的阿远,I'm With You,Bon Jovi,4
戴珍珠耳环的阿远,1234,Feist,1
戴珍珠耳环的阿远,最后，我们会一起去海边,刺猬,1
戴珍珠耳环的阿远,丢架,Twins,1
戴珍珠耳环的阿远,雪人,范晓萱,1
戴珍珠耳环的阿远,让她降落,何璐,1
戴珍珠耳环的阿远,Velius,Helios,1
戴珍珠耳环的阿远,邮差,王菲,1
戴珍珠耳环的阿远,内疚,EO2,1
戴珍珠耳环的阿远,缠绵游戏,梁汉文,1
戴珍珠耳环的阿远,The Great Escape,Boys Like Girls,1
戴珍珠耳环的阿远,开往北京的火车,赵雷,1
戴珍珠耳环的阿远,Royals,Lorde,1
戴珍珠耳环的阿远,星星堆满天,杨乃文,1
戴珍珠耳环的阿远,我这么容易爱人,黄耀明,1
戴珍珠耳环的阿远,Forever,Stratovarius,1
戴珍珠耳环的阿远,七年,Tizzy Bac,2
戴珍珠耳环的阿远,再也回不去,Chack Zee,2
戴珍珠耳环的阿远,十万嬉皮,万能青年旅店,2
戴珍珠耳环的阿远,我是不是你最疼爱的人,潘越云,1
戴珍珠耳环的阿远,风中有朵雨做的云,孟庭苇,1
戴珍珠耳环的阿远,Ocean,林嘉欣,1
戴珍珠耳环的阿远,白色中的玩偶,诱导社乐队,1
戴珍珠耳环的阿远,爱情的故事,方季惟,1
戴珍珠耳环的阿远,热河,李志,2
戴珍珠耳环的阿远,杀死那个石家庄人,万能青年旅店,2
Josee,夏天,李玖哲,2
Josee,卡西莫多的礼物,华晨宇,1
Josee,Always (3LAU Mix),3LAU,3
Josee,Nothing to Lose,Jussie Smollett,1
Josee,Darklands,The Jesus and Mary Chain,1
Josee,Bloodstream,Ed Sheeran,1
Josee,Still In This Bitch,B.O.B,1
Josee,I'm a Mess,Ed Sheeran,1
Josee,Tenerife Sea,Ed Sheeran,1
Josee,Symphony 1: In the Barrel of a Gun,Emily Wells,1
Josee,Death ,White Lies,1
Josee,My Body Is a Cage,Monarchy,1
Josee,skyscape,やなぎなぎ,1
Josee,Nina,Ed Sheeran,1
Josee,Whiskey and Rags,Emily Wells,1
Josee,Reapers,Muse,1
Josee,少一点天分,孙盛希,1
Josee,holy comments,Snapline,1
Josee,给自己的情书,王菲,2
Josee,Make It Rain,Ed Sheeran,1
Josee,学不会,林俊杰,1
Josee,Remember the Music,Jennifer Hudson,2
Josee,李香兰,张学友,1
Josee,Sing,Ed Sheeran,1
Josee,In the End,Snow Patrol,1
Josee,最後の晩餐,mouse on the keys,1
Josee,Don't,Ed Sheeran,1
Josee,I Know,吴莫愁,1
Josee,I Want What's Best,Outfit,5
Josee,Surrender,重塑雕像的权利,1
Josee,Brave Shine,Aimer,1
Josee,Face of Danger,Morcheeba,1
Josee,不朽,华晨宇,1
Josee,New Air,Outfit,1
Josee,双面人,Mr.,1
Josee,Otherwise,Morcheeba,1
Josee,Finally,Cherry Ghost,1
Josee,Photograph,Ed Sheeran,2
air,夜太黑,林忆莲,1
air,铿锵玫瑰,林忆莲,1
air,爱上一个不回家的人,林忆莲,1
air,失踪,林忆莲,1
air,诱惑的街,林忆莲,1
air,听说爱情回来过,林忆莲,3
air,不必在乎我是谁,林忆莲,3
air,纸飞机,林忆莲,1
air,野风,林忆莲,2
air,为你我受冷风吹,林忆莲,3
air,伤痕,林忆莲,6
air,远走高飞,林忆莲,4
air,问,林忆莲,1
air,词不达意,林忆莲,4
air,盖亚,林忆莲,2
air,至少还有你,林忆莲,6
air,无言歌,林忆莲,6
air,明明,林忆莲,4
貓某某,サリー,大橋トリオ,1
貓某某,云,卡奇社,1
貓某某,自己做决定,Lu1,1
貓某某,Qiu Mansion,Position Music,1
貓某某,Color Hole,The White Tulips,1
貓某某,The New Life,Girls Names,1
貓某某,凌晨晚餐,透明杂志,1
貓某某,Late Night Wish (Nujabes Tribute),虾米平台不怎么样啊,1
貓某某,Big Eyes,Lana Del Rey,1
貓某某,Twists And Turns Of The Story,m-taku,1
貓某某,Shawty Is Da Shit (Giraffage Remix),The Dream,1
貓某某,Luv Letter,DJ OKAWARI,1
貓某某,都一样,李荣浩,2
貓某某,I Kiss the Flower in Bloom,Close Lobsters,1
貓某某,赏味期限,黄小桢,1
貓某某,Romeo´s Tune,Pajaro Sunrise,1
貓某某,哎呀,李荣浩,2
貓某某,老街,李荣浩,3
貓某某,作曲家,李荣浩,3
貓某某,Solitude ,坂本龍一,1
貓某某,Cheer ,Mary See the Future,1
貓某某,拥抱(夏宇),王榆钧,1
貓某某,有一个姑娘,李荣浩,2
貓某某,Sight,小林武史,1
貓某某,太坦白,李荣浩,3
貓某某,July,LJones,1
貓某某,李白,李荣浩,3
貓某某,寻人启事,徐佳莹,1
貓某某,模特,李荣浩,3
貓某某,茄子,与非门,2
貓某某,两个人,李荣浩,2
貓某某,老伴,李荣浩,2
(*￣(エ)￣),样 (YOUNG),TFBOYS,1
(*￣(エ)￣),沉沦,林忆莲,1
(*￣(エ)￣),我们 (时时刻刻),五月天,1
(*￣(エ)￣),破晓,林忆莲,1
(*￣(エ)￣),幻  ,井上ジョー,1
(*￣(エ)￣),无言歌,林忆莲,1
(*￣(エ)￣),信仰之名,TFBOYS,1
(*￣(エ)￣),红眼眶,林忆莲,1
(*￣(エ)￣),爱出发,TFBOYS,1
(*￣(エ)￣),The Model,Kraftwerk,2
(*￣(エ)￣),愿,林忆莲,1
(*￣(エ)￣),A Stitch In Time,The Smashing Pumpkins,2
(*￣(エ)￣),盖亚,林忆莲,2
(*￣(エ)￣),close your cold eyes,Snapline,2
(*￣(エ)￣),青春修炼手册,TFBOYS,2
(*￣(エ)￣),赤裸的秘密,林忆莲,1
(*￣(エ)￣),盛夏光年,林忆莲,2
(*￣(エ)￣),爱笑了,林忆莲,2
(*￣(エ)￣),哭,林忆莲,1
(*￣(エ)￣),Blue Moon,The Kills,1
(*￣(エ)￣),1979,The Smashing Pumpkins,1
(*￣(エ)￣),Feeling Good,Muse,1
(*￣(エ)￣),Heart,TFBOYS,1
(*￣(エ)￣),寂寞拥挤,林忆莲,2
(*￣(エ)￣),娜娜,GALA,1
(*￣(エ)￣),Eye,The Smashing Pumpkins,2
(*￣(エ)￣),I Bet You Look Good on the Dancefloor,Arctic Monkeys,1
(*￣(エ)￣),魔法城堡,TFBOYS,1
(*￣(エ)￣),圈,嘎调,1
(*￣(エ)￣),Pattern Recognition,Sonic Youth,1
(*￣(エ)￣),幸运符号,TFBOYS,1
(*￣(エ)￣),快乐环岛,TFBOYS,1
(*￣(エ)￣),The KKK Took My Baby Away,Ramones,1
(*￣(エ)￣),Infinity,The xx,1
(*￣(エ)￣),One Last,Avi Buffalo,2
(*￣(エ)￣),Love Will Tear Us Apart (Live),Joy Division,1
(*￣(エ)￣),宠爱,TFBOYS,1
(*￣(エ)￣),Can't I Know?,Avi Buffalo,1
(*￣(エ)￣),想唱就唱,TFBOYS,1
(*￣(エ)￣),Gold Lion,Yeah Yeah Yeahs,1
carol,欢颜,齐豫,1
carol,最爱,潘越云,1
carol,Salvation,Gabrielle Aplin,1
carol,雨天,孙燕姿,1
carol,世界,张过年,1
carol,怎么说我不爱你,萧敬腾,1
carol,飞鸟与鱼,齐豫,1
carol,掉了,张惠妹,2
carol,我不难过,孙燕姿,1
carol,样 (YOUNG),王俊凯,1
carol,无脸人,何韵诗,1
carol,寂寞先生,曹格,1
carol,我是真的爱你 (Live),李宗盛,1
carol,The Science of Crying,何韵诗,2
carol,私奔,郑钧,1
carol,半途而废,王菲,1
carol,Helpless,Patti Smith,1
carol,Amerigo,Patti Smith,1
carol,失恋无罪,A-Lin,1
carol,Smells Like Teen Spirit,Patti Smith,1
carol,痴情司,何韵诗,3
carol,烟火里的尘埃,华晨宇,1
carol,Sympathique,Pink Martini,1
carol,送别,朴树,1
carol,愿我可以学会放低你,何韵诗,3
carol,冷火,信,1
carol,Gloria: In Excelsis Deo / Gloria,Patti Smith,1
carol,Song For You（何韵诗《如果我们只剩一首歌的时间》）,梁晓雪,1
carol,开门见山,张惠妹,1
carol,魔鬼中的天使,田馥甄,1
carol,一想到你呀,张惠妹,1
carol,彩虹,张惠妹,1
carol,你是我心爱的姑娘,汪峰,1
carol,左右手,陈洁仪,1
carol,如果我们只剩一首歌的时间,何韵诗,3
carol,剑心,张杰,1
carol,Le Papillon  ,Nicolas Errèra,1
carol,乱红,陈悦,1
carol,迷魂记,王菲,1
carol,她说,林俊杰,1
carol,爱得太迟,古巨基,1
完颜小卓,舞步,木马,1
完颜小卓,暗河,冯佳界&西山,1
完颜小卓,无耻混蛋,白噪音,1
完颜小卓,不灭,陈粒,2
完颜小卓,梦不醒,清醒,1
完颜小卓,我们,朱七,2
完颜小卓,去旅行,丝袜小姐,2
完颜小卓,最美妙的旅行,声音玩具,1
完颜小卓,春分的夜,程璧,1
完颜小卓,(我该如何对你说) 在爱情里没有自由,来吧！焙焙！,1
完颜小卓,二十岁的某一天,花粥,1
完颜小卓,南方姑娘 (弹唱版),赵雷,1
完颜小卓,云,卡奇社,1
完颜小卓,恋恋风尘,程璧,1
完颜小卓,秘密的爱,声音玩具,1
完颜小卓,这个世界会好吗,李志,1
完颜小卓,花房姑娘,程璧,1
完颜小卓,我绝对不能失去你,GALA,1
完颜小卓,请问哪里才能买到晶体管收音机,声音玩具,1
完颜小卓,女人,花粥,2
完颜小卓,A song for you,朝黎,1
完颜小卓,和那些人一样,声音玩具,1
完颜小卓,你的作品,邱比,2
完颜小卓,Cold Pastime (演奏版),完颜小卓,1
完颜小卓,On The Road,丝绒公路,1
完颜小卓,Redhat, X'mas for You,完颜小卓,1
完颜小卓,风起来的时光,周子琰,2
完颜小卓,星期天的大街,声音玩具,1
完颜小卓,美妙的孤单,浪乐队,2
完颜小卓,时间,声音玩具,1
完颜小卓,就在今夜,边远,1
完颜小卓,二维,欧波/声音与玩具(成都),1
完颜小卓,The 3 Levels Final (演奏版),完颜小卓,1
完颜小卓,明天你依旧在我身旁,声音玩具,1
完颜小卓,圈,嘎调,2
完颜小卓,这个神经病会好吗 (请慎重点击),完颜小卓,1
完颜小卓,讽刺,何欣穗,1
完颜小卓,你离开了南京, 从此没有人和我说话,李志,1
完颜小卓,你是无可替代,声音玩具,1
完颜小卓,带我往前走,蛤小蟆,1
完颜小卓,南山南,马頔,1
完颜小卓,愿爱无忧,痛仰乐队,1
wocho,Apply,Glasser,1
wocho,Every Breath You Take,The Police,1
wocho,Kids,MGMT,1
wocho,Airbag,Radiohead,3
wocho,Let's Go,Matt & Kim,1
wocho,Run,Dale Earnhardt Jr. Jr.,1
wocho,Stevie,Kasabian,1
wocho,Alright,Supergrass,1
wocho,Golden,Parade of Lights,1
wocho,Come Together,Echosmith,1
wocho,Akira,Anamanaguchi,1
wocho,Such Great Heights,The Postal Service,1
wocho,Lights (Single Version),Ellie Goulding,1
wocho,Black Champagne,The Starlight Mints,1
wocho,Floating Vibes,Surfer Blood,3
wocho,Don't Leave,All India Radio,3
wocho,Punching In A Dream,The Naked and Famous,1
wocho,Medicine,Starfucker,1
wocho,Kangaroo Court,Capital Cities,1
wocho,Welcome to the Jungle,Guns N' Roses,3
wocho,H in New England,Max Richter,1
wocho,I Want You,The Kooks,3
wocho,Let's Dance to Joy Division,The Wombats,3
wocho,Do The Damage,Noel Gallagher's High Flying Birds,1
wocho,Breath on Glass,I Hear Sirens,1
wocho,No Black Clouds For Dee Dee,Crocodiles,3
wocho,Wrecked Metal,Zeigeist,2
wocho,Dreams Burn Down,Ride,2
wocho,去旅行,丝袜小姐,1
wocho,1901  ,Phoenix,1
wocho,Midnight City,M83,1
wocho,My Only Offer,Mates of State,2
wocho,Map of the World,Monsters of Folk,1
caracarozza,Leaving California,Maroon 5,1
caracarozza,Coming Undone,Korn,1
caracarozza,My Heart Is Open ,Maroon 5,1
caracarozza,This Summer's Gonna Hurt Like A MotherF****r,Maroon 5,1
caracarozza,Unkiss Me,Maroon 5,1
caracarozza,Animals,Maroon 5,1
caracarozza,force my way,C.O.U,1
caracarozza,台北有条圣诞巷,王韵壹,1
caracarozza,In Your Pocket,Maroon 5,1
caracarozza,My Life in Art,Mojave 3,1
caracarozza,串串牵挂,凤飞飞,3
caracarozza,Rabbit,Matt Duke,1
caracarozza,Enter Sandman,Metallica,1
caracarozza,满街都是寂寞的朋友吗,江念庭,1
caracarozza,Love Somebody,Maroon 5,1
caracarozza,Feelings,Maroon 5,1
caracarozza,Something I Need,OneRepublic,1
caracarozza,New Flame,Chris Brown,1
caracarozza,New Love,Maroon 5,1
caracarozza,Shoot Love,Maroon 5,1
caracarozza,Lost Stars,Adam Levine,1
caracarozza,The Heart Wants What It Wants,Selena Gomez,1
caracarozza,Fast Lane,Bad Meets Evil,1
caracarozza,Unspoken,Hurts,1
caracarozza,Sugar,Maroon 5,1
caracarozza,Heart Of Glass,Blondie,1
caracarozza,Open Arms,Journey,1
caracarozza,Buzzcut Season,Lorde,1
caracarozza,Home Party,Sean Zh,1
caracarozza,This Summer's Gonna Hurt Like a Motherfucker,Maroon 5,1
caracarozza,Sex and Candy,Maroon 5,1
caracarozza,It Was Always You,Maroon 5,1
caracarozza,The Man Who Never Lied,Maroon 5,1
caracarozza,Maps,Maroon 5,1
caracarozza,Lucky Strike,Maroon 5,1
caracarozza,Where Are We Now?,David Bowie,1
caracarozza,Dog Days Are Over,Florence and the Machine,1
caracarozza,小云雀,顾媚,1
caracarozza,Different Departures,For Against,1
caracarozza,Coming Back for You,Maroon 5,1
caracarozza,Daylight,Maroon 5,1
caracarozza,Funnel Of Love,SQÜRL,1
caracarozza,Your Hand In Mine,Explosions In The Sky,1
caracarozza,A Thousand Kisses Deep,Leonard Cohen,1
caracarozza,One More Night,Maroon 5,1
caracarozza,Payphone ,Maroon 5,1
caracarozza,Heroin,The Velvet Underground,1
哑D,生命有一种绝对 (Live),刘若英,1
哑D,九号球,五月天,1
哑D,黑白讲,五月天,1
哑D,风若吹,五月天,1
哑D,借问众神明,五月天,1
哑D,叫我第一名,五月天,1
哑D,盛夏光年,林忆莲,3
哑D,十年 (Live),刘若英,1
哑D,听! 是谁在唱歌 / 年华 (Live),刘若英,1
哑D,星空,五月天,1
哑D,Ok啦,五月天,1
哑D,盛夏光年,五月天,1
哑D,有你的将来,五月天,1
哑D,志明与春娇,五月天,1
哑D,永远的永远,五月天,1
哑D,故乡 (Live),帕尔哈提,3
哑D,好不好,五月天,1
哑D,我的失败与伟大 / 倒带 (Live),刘若英,1
哑D,爱你一万年 (Live),刘若英,1
哑D,I Love You 无望,五月天,1
哑D,爱你一万年,伍佰&China Blue,1
哑D,故乡,许巍,3
哑D,将军令 (Original Version),五月天,1
哑D,相信,五月天,1
哑D,九号球 (Original Version),五月天,1
哑D,YOUR LEGEND ~燃ゆる命~,五月天,1
哑D,憨人,五月天,1
哑D,离开地球表面,五月天,1
哑D,而我知道,五月天,1
哑D,心中无别人,五月天,1
哑D,It's My Life,Bon Jovi,2
哑D,HoSee,五月天,1
哑D,生命有一种绝对,五月天,1
哑D,雨眠,五月天,1
哑D,追憶のナインボール,怪兽,1
哑D,You Give Love a Bad Name,Bon Jovi,2
哑D,一辈子的孤单 (Live),刘若英,1
哑D,啾啾啾,五月天,1
哑D,旅行的意义 / 崇拜 / 把悲伤留给自己 (Live),刘若英,2
哑D,成全 / 解脱 (Live),刘若英,1
哑D,为什么(今日的爱情),五月天,1
桃桃,Vacuum (Instrumental),Jacoo,3
桃桃,朋友,无印良品,3
桃桃,北京下雨了,王啸坤,1
桃桃,马德里不思议,蔡依林,1
桃桃,Happy Song,Leftover Cuties,2
桃桃,喜欢,周子琰,2
桃桃,Why Me,李宇春,1
桃桃,山丘,李宗盛,2
桃桃,台北寂寞部屋,游鸿明,1
桃桃,爱斯基摩,蜜雪薇琪,1
桃桃,威尼斯迷路,许慧欣,1
桃桃,西安爱情故事,王筝,1
桃桃,一起去巴黎,侯湘婷,1
桃桃,安阳 ,痛仰乐队,1
桃桃,Lollipop,MIKA,2
桃桃,你曾是少年,好妹妹乐队,1
桃桃,Buongiorno a Te,Luciano Pavarotti,20
桃桃,晚安北京 (Live) ,汪峰,1
桃桃,托斯卡尼 我想起你 ,李欣芸,1
桃桃,东京之吻,侯湘婷,1
桃桃,地图 (Acoustic Version),黄淑惠,1
桃桃,男孩像你,薛凯琪,1
桃桃,莫斯科没有眼泪,Twins,1
bun,湖上  ,友川かずき,1
bun,Clair de lune (from Suite bergamasque),Claude Debussy,1
bun,Vengeance Bourbon,友川かずき,1
bun,春の日の夕暮,友川かずき,1
bun,サーカス ,友川かずき,1
bun,Walcott,Vampire Weekend,3
bun,だがづぐ  ,友川かずき,1
bun,The Swinging Door,Tatsuya Nakatani,1
bun,My Big Brother's Record,友川かずき,1
bun,ラモナ,細野晴臣,1
bun,坊や,友川かずき,1
bun,生きてるって言ってみろ,友川かずき,2
bun,Sketch of the Wind,友川かずき,1
bun,Junzaburo in Awe,友川かずき,1
bun,Undoing,Tatsuya Nakatani,1
bun,サーカス,友川かずき,1
bun,夏の日の歌,友川かずき,4
bun,生きてるって言ってみろ  ,友川かずき,1
bun,Cruel To Be Kind,Tatsuya Nakatani,1
bun,あいうえお狂歌(眠る前にあなた自身のサタンと)  ,友川かずき,1
bun,All In White,The Vaccines,3
bun,Misty Mountain Hop,Led Zeppelin,1
bun,Reverie,Frederico Bufaletti,1
bun,帰郷,友川かずき,1
bun,Whole Lotta Love,Led Zeppelin,1
bun,桑名の駅,友川かずき,2
bun,Last Night Now,Tatsuya Nakatani,1
bun,Pierrot le fouis Over,友川かずき,1
bun,Long Walk Into Night,Tatsuya Nakatani,1
bun,Anatomy Of A Moment,Tatsuya Nakatani,1
bun,猿股の唄,高田渡,3
bun,六月の雨,友川かずき,2
bun,My Dog Bitten into Violet Bits,友川かずき,1
bun,明るい夜  ,友川かずき,1
蹬碎你的卵泡,门,李志,1
蹬碎你的卵泡,鸵鸟&天空之城&我们不能失去信仰 (2014i/O现场版),李志,1
蹬碎你的卵泡,定西 (2014i/O现场版),李志,1
蹬碎你的卵泡,Scambio di Prigionieri,Ennio Morricone,1
蹬碎你的卵泡,冬妮娅,李志,1
蹬碎你的卵泡,The Shootist ,Bill Elm,1
蹬碎你的卵泡,Sleepwalking,The Chain Gang of 1974,1
蹬碎你的卵泡,Consuelo Baxter,Ennio Morricone,1
蹬碎你的卵泡,他们 (2009现场版),李志,1
蹬碎你的卵泡,山阴路的夏天,李志,1
蹬碎你的卵泡,Gimme More,Britney Spears,1
蹬碎你的卵泡,看见,李志,1
蹬碎你的卵泡,九月(结婚) (2009现场版),李志,1
蹬碎你的卵泡,黑色信封 (2013版),李志,1
蹬碎你的卵泡,你的早晨 / 天空之城 / 暧昧 (2013版),李志,1
蹬碎你的卵泡,Shine A Light (Flight Facilities Remix),The C90s,1
蹬碎你的卵泡,The Good, The Bad and The Ugly,Ennio Morricone,1
蹬碎你的卵泡,Doppi Giochi,Ennio Morricone,1
蹬碎你的卵泡,High Noon,Tex Ritter ,1
蹬碎你的卵泡,定西,李志,1
蹬碎你的卵泡,Once Upon A Time In The West,Ennio Morricone,1
蹬碎你的卵泡,Mirror Mau,Cashmere Cat,1
蹬碎你的卵泡,Tennis Court,Lorde,1
蹬碎你的卵泡,Hold Up,Marion Band$,1
蹬碎你的卵泡,Musica Sospesa,Ennio Morricone,1
蹬碎你的卵泡,罗庄的冬天,李志,1
蹬碎你的卵泡,天空之城,李志,1
蹬碎你的卵泡,被禁忌的游戏 (2009现场版),李志,1
蹬碎你的卵泡,翁庆年的六英镑,李志,1
蹬碎你的卵泡,铅笔,李志,1
蹬碎你的卵泡,Cavalcata,Ennio Morricone,1
蹬碎你的卵泡,Applause,Lady Gaga,1
蹬碎你的卵泡,Gunfight at the OK Corral,Dimitri Tiomkin,1
蹬碎你的卵泡,阿兰,李志,1
蹬碎你的卵泡,想起了他 (2009现场版),李志,1
蹬碎你的卵泡,这个世界会好吗 (2013版),李志,1
蹬碎你的卵泡,好威武支持有希望,李志,1
蹬碎你的卵泡,Per un Pugno di Dollari,Ennio Morricone,1
蹬碎你的卵泡,Titoli,Ennio Morricone,1
蹬碎你的卵泡,山阴路的夏天 (2014i/O现场版),李志,1
蹬碎你的卵泡,爱,李志,1
蹬碎你的卵泡,Quasi Morto,Ennio Morricone,1
蹬碎你的卵泡,For A Few Dollars More,Ennio Morricone,1
蹬碎你的卵泡,The Set Up,Favored Nations,1
蹬碎你的卵泡,Born Unto Trouble,Bill Elm,3
polystyrene,When You Tell Me That You Love Me,Diana Ross,2
polystyrene,达摩流浪者,万晓利,1
polystyrene,Sunday Morning,The Velvet Underground,1
polystyrene,凋谢之前(民谣版),丢火车乐队,1
polystyrene,Teenagers,My Chemical Romance,1
polystyrene,Jacika,宠物同谋,1
polystyrene,Free Loop,Daniel Powter,1
polystyrene,18 and Life,Skid Row,1
polystyrene,What Do You Want,宠物同谋,1
polystyrene,Cold Water,Damien Rice,1
polystyrene,Scarborough Fair/Canticle,Simon & Garfunkel,1
polystyrene,没有理想的人不伤心,新裤子,1
polystyrene,Bohemian Rhapsody,Queen,1
polystyrene,情歌,陈珊妮,1
polystyrene,Tears in heaven,Eric Clapton,1
polystyrene,证据,杨乃文,1
polystyrene,I Hate Myself for Loving You,Joan Jett & the Blackhearts,2
polystyrene,Friday I'm in Love,The Cure,1
polystyrene,整夜大雨,邱比,2
polystyrene,Supermassive Black Hole,Muse,1
polystyrene,Don’t Shoot Me Santa,The Killers,1
polystyrene,How can I be sure,Anomie Belle,1
polystyrene,Highway to Hell,AC/DC,1
polystyrene,Goodnight Moon,Shivaree,1
polystyrene,April Skies,The Jesus and Mary Chain,1
polystyrene,Window,Black Rebel Motorcycle Club,1
polystyrene,Skinny Little Bitch,Hole,1
polystyrene,两者,张悬,1
polystyrene,Glory Box,Portishead,1
polystyrene,Common People,Pulp,1
polystyrene,Sealed with a Kiss,Jason Donovan,1
polystyrene,Always Somewhere,Scorpions,2
polystyrene,The Man Who Sold the World (Live),Nirvana,1
polystyrene,War Machine,AC/DC,1
polystyrene,Sandhya,詹盼,1
polystyrene,I Don't Love You,My Chemical Romance,1
polystyrene,Quiet Inside,The Jane Doe's,1
polystyrene,米店,张玮玮,1
polystyrene,Berlin,Black Rebel Motorcycle Club,1
polystyrene,告诉他们我爱你,刺猬,1
polystyrene,Miss You in a Heartbeat,Def Leppard,1
polystyrene,Seven Nation Army,The White Stripes,1
polystyrene,Hallelujah,Jeff Buckley,1
polystyrene,Safe And Sound,Azure Ray,1
polystyrene,春晓,羽果,1
j,庄稼汉,张尕怂,2
j,眼望着北方,野孩子乐队,2
j,ropa,坂本龍一,1
j,Maenj ba lah,瓦依那,2
j,サイレント,REDЯUM,1
j,妈妈 一起飞吧，妈妈 一起摇滚吧,舌头乐队,2
j,Proverbs,IZ乐队,2
j,你还是走吧,小普,2
j,小草草,低苦艾,3
j,河水清清好洗手,瓦依那,2
j,Intro,低苦艾,3
j,鸣沙,IZ乐队,2
j,爱情调侃的方式,马条,2
j,小花花,低苦艾,3
j,小鸡出壳,舌头乐队,2
j,小木木,低苦艾,3
j,亲家母,张尕怂,2
j,西安,The Fuzz,2
j,沉默的大多数,愚人船,1
j,小树树 (歌迷合唱版) ,低苦艾,3
j,小树树,低苦艾,3
j,姐姐,张尕怂,2
j,敕勒川,野孩子乐队,2
muse_bloody,Flowers for Albert,The Skatalites,1
muse_bloody,Saga,Basement Jaxx,1
muse_bloody,Faces,The M Machine,2
muse_bloody,Heaven And Hell,The Who,1
muse_bloody,Christine Keeler,The Skatalites,1
muse_bloody,Yoga 2,Popol Vuh,1
muse_bloody,(I'm A) Road Runner,The Who,1
muse_bloody,Segnung,Popol Vuh,1
muse_bloody,Behind Blue Eyes,The Who,1
muse_bloody,Aguirre I (L'acrime di rei),Popol Vuh,1
muse_bloody,Nicht Hoch Im Himmel,Popol Vuh,1
muse_bloody,Superflat (Original Mix),The M Machine,1
muse_bloody,Left Right,The Chemical Brothers,1
muse_bloody,Baba O'Riley,The Who,1
muse_bloody,Ah!,Popol Vuh,1
muse_bloody,When I Fall in Love,The Skatalites,1
muse_bloody,Maria (Ave Maria) [*],Popol Vuh,1
muse_bloody,Deep Search,The M Machine,1
muse_bloody,We're Not Gonna Take It,The Who,1
muse_bloody,Kleiner Krieger,Popol Vuh,1
muse_bloody,You're Wondering Now,The Skatalites,1
muse_bloody,Kyrie,Popol Vuh,1
muse_bloody,Behind Blue Eyes (Original Version),The Who,1
muse_bloody,Too Young For Tragedy,GRiZ,1
muse_bloody,Morgengruss II,Popol Vuh,1
muse_bloody,I'm In Your Mind Fuzz,King Gizzard & The Lizard Wizard,1
muse_bloody,Hot Water,King Gizzard & The Lizard Wizard,1
muse_bloody,My Generation,The Who,2
muse_bloody,The Real Me,The Who,1
muse_bloody,物理,LAVA|OX|SEA,1
muse_bloody,Garden of Love,The Skatalites,1
muse_bloody,Andacht,Popol Vuh,2
muse_bloody,Wanted Maya,Popol Vuh,1
muse_bloody,Promise Me A Rose Garden,The M Machine,1
muse_bloody,Guns of Navarone,The Skatalites,1
muse_bloody,Immigrants,The M Machine,3
muse_bloody,Glittering Girl,The Who,1
muse_bloody,A Quick One While He's Away,The Who,1
muse_bloody,Yoga 1,Popol Vuh,3
muse_bloody,Cellophane,King Gizzard & The Lizard Wizard,1
muse_bloody,I'm Not the Only One,Sam Smith,1
梵牧,The Shooting,Nils Frahm,2
梵牧,あいぞめ piano version,高梨康治,1
梵牧,Caicas,Childs,1
梵牧,The Bank,Nils Frahm,2
梵牧,Fuga,Childs,1
梵牧,You're Beautiful,James Blunt,1
梵牧,朱(あけ)に染まる,高梨康治,1
梵牧,Come Back From San Francisco (Rameses B Instrumental Remix),Rameses B,1
梵牧,Pendulum,Nils Frahm,2
梵牧,Fenicio,Childs,1
梵牧,CHRONO CROSS ~時の傷痕~,光田康典,1
梵牧,紅蓮,高梨康治,1
梵牧,Marilyn Whirlwind,Nils Frahm,2
梵牧,正義,高梨康治,2
梵牧,If I were a Bird,中川幸太郎,1
梵牧,Mensajes,Childs,2
梵牧,藁人形のテーマ,高梨康治,1
梵牧,Urban Lullaby,Childs,1
梵牧,Burn With Me (Victoria Edit),Nils Frahm,1
梵牧,Departure(Piano+Acoustic Guitar Version),日本ACG,1
梵牧,Our Own Roof,Nils Frahm,1
梵牧,Elegía,Childs,1
梵牧,La oveja,Childs,1
梵牧,Mothertrucker,Paul Kalkbrenner,1
梵牧,Nobody Knows Who You Are,Nils Frahm,2
梵牧,契約  ,川井憲次,1
梵牧,Happy New Fear,Nils Frahm,2
梵牧,Fuente,Childs,1
梵牧,Them,Nils Frahm,2
梵牧,In The Parking Garage,Nils Frahm,2
梵牧,Rada,Childs,1
梵牧,Falla,Childs,1
梵牧,Día,Childs,1
梵牧,Mercy,Black Rebel Motorcycle Club,2
梵牧,A Stolen Car,Nils Frahm,1
ming,迷魂记 (Live),达明一派,1
ming,月亮与海,莫西子诗,1
ming,Blues for the Orient,Yusef Lateef,1
ming,Oops x Wus Good,Louis Mattrs,1
ming,迷浪,Da Bang,2
ming,Mi Mujer,Nicolas Jaar,1
ming,Fortress,Pinback,2
ming,雨水穿过铁路,疯医,1
ming,Hey,疯医,1
ming,House Of Cards,Radiohead,1
ming,[PTU]之终结,原声带,1
ming,Go Out,Blur,1
ming,That Certain Female,Charlie Feathers,1
ming,Do You Want To Marry Me,Sketch Show,1
ming,Jigsaw,Marc Romboy,1
ming,Angie Baby,Helen Reddy,1
ming,Lady of Rome, Sister of Brazil,Al di Meola,1
ming,L' Invitation,Étienne Daho,1
ming,Ramona,Patrick Bruel,1
ming,西安,The Fuzz,1
ming,DE CEUX,Fauve,1
ming,Un Bonheur Dangereux,Étienne Daho,1
ming,隔离,新裤子,1
ming,It's Only a Paper Moon,Count Basie,1
ming,夜尽头,嘎调,1
ming,Coming Down,Dum Dum Girls,1
ming,Cap Falcon,Étienne Daho,1
ming,The One,Zeds Dead,1
ming,另一种爱,Chui Wan,1
ming,Spirals,Jeff Pearce,1
ming,Dear Someone,Gillian Welch,1
ming,火车快开,二手玫瑰,1
ming,Warm In the Winter,Glass Candy,1
ming,Ravel's Bolero,Arthur Lyman,1
ming,NUITS FAUVES,Fauve,1
ming,Don't Ever Change,The Jesus and Mary Chain,1
ming,Unstoppable (FKJ Remix),Lianne La Havas,1
ming,别去糟蹋,黑豹,1
ming,画出彩虹,陈百强,1
ming,Silent Roar,Euphoria,1
ming,Happiness (Piano Solo Version),松下奈緒,1
ming,让左脚先行一步,Swing,1
ming,少奶奶,坏碑唇,1
ming,Neverending,Damian Lazarus,1
beyondlxc,最后的答案,Beyond,1
beyondlxc,讨厌,Beyond,1
beyondlxc,Love,Beyond,1
beyondlxc,时日无多,Beyond,1
beyondlxc,我记得,Beyond,1
beyondlxc,错有错着,Beyond,1
beyondlxc,糊涂的人,Beyond,1
beyondlxc,一百零一次,Beyond,1
beyondlxc,奉信,Beyond,1
beyondlxc,无事无事,Beyond,1
beyondlxc,管我(国语版),Beyond,1
beyondlxc,唯一,Beyond,1
beyondlxc,雾,Beyond,2
beyondlxc,无重状态,Beyond,1
beyondlxc,惊喜,Beyond,2
beyondlxc,Cryin'(国语版),Beyond,1
beyondlxc,蚊,Beyond,1
beyondlxc,进化论,Beyond,1
beyondlxc,Saying Thank You 18,雷颂德,1
beyondlxc,雪中情,杨庆煌,1
beyondlxc,Leon Dance Medley: 全日爱 / 听身体唱歌 / 越夜越有机,黎明,1
beyondlxc,沉香,黄家强,1
beyondlxc,失踪,Beyond,1
beyondlxc,一厢情愿,Beyond,1
beyondlxc,活得精彩,Beyond,1
beyondlxc,另一半,陈晓东,1
beyondlxc,方向感,陈晓东,4
beyondlxc,回家,Beyond,1
beyondlxc,借借你肩膊,陈晓东,2
beyondlxc,太完美,Beyond,1
beyondlxc,妄想,黄家强,1
beyondlxc,洗衣粉,Beyond,1
beyondlxc,然后,Beyond,1
beyondlxc,看星,Beyond,1
beyondlxc,不见不散,Beyond,1
beyondlxc,Good Time,Beyond,1
beyondlxc,深,Beyond,2
beyondlxc,梦,Beyond,1
beyondlxc,十八,Beyond,1
beyondlxc,不朽的传说,Beyond,1
beyondlxc,我的天我的歌 (Live),许志安,1
beyondlxc,声音(国语版),Beyond,1
beyondlxc,缓慢(国语版),Beyond,1
Freckles,Follow,DIIV,1
Freckles,Whip Out the Shampoo,王若琳,1
Freckles,Kortege,Our Last Hope Lost Hope,1
Freckles,執筆未遂,Jeepta,1
Freckles,Teenager Statement,王若琳,1
Freckles,Chasing Cars,Snow Patrol,1
Freckles,Last Day, Last Breath,The Polar Dream,1
Freckles,Feet,王若琳,1
Freckles,Christine,The House of Love,1
Freckles,Collapsing New People,Fad Gadget,1
Freckles,Printemps Émeraude,Alcest,1
Freckles,カイコ,RADWIMPS,1
Freckles,楽園,indigo la End,1
Freckles,Apparitions,The Raveonettes,1
Freckles,透明少女,Number Girl,1
Freckles,Prize,Kitchens of Distinction,1
Freckles,How Can You Fall In Love With A Guy Who Doesn’t Know Gainsbourg?,My Little Airport,1
Freckles,Do You Want To Marry Me,Sketch Show,1
Freckles,When I Nod,王若琳,1
Freckles,门,周休八日,1
Freckles,Isolation,Joy Division,1
Freckles,Single Girl,Lush,1
Freckles,你好！陌生人,LAVA|OX|SEA,1
Freckles,Shelter,Alcest,1
Freckles,燃える海,女王蜂,1
Freckles,都是你害的,Hush!,1
Freckles,Keen on Boys,The Radio Dept.,1
Freckles,Never,The December Sound,1
Freckles,Kinky Rainbow,Gatsby In A Daze,1
Freckles,Recharge & Revolt,The Raveonettes,1
Freckles,Moses,Elizabeth Fraser,1
Freckles,Wetsuit,The Vaccines,1
Freckles,Imagine Hearts,Ringo Deathstarr,1
Freckles,That Is What Everybody Fears And Wants,Powder! Go Away,1
Freckles,White Clouds,The White Tulips,1
Freckles,Flow, Ebb & Die,SIANspheric,1
Freckles,The Scientific Method,王若琳,1
Freckles,Jessamine,If Anything Happens To The Cat,1
Freckles,Operation,Yuck,1
Freckles,No Help Comes,The Severely Departed,1
Freckles,Truckin' Everyday,王若琳,1
Freckles,Liquified Cheese,王若琳,1
Freckles,Leo, are you still jumping out of windows in expensive clothes?,My Little Airport,1
Freckles,Ain't She Sweet,王若琳,1
Freckles,Begging You,The Stone Roses,1
Freckles,The Christmas Song,The Raveonettes,1
Freckles,I Knew It, I Swear!,王若琳,1
Freckles,Everybody is Already Down Below,3epkano,1
nary,ギンガム (パレード),想い出波止場,1
nary,触媒,想い出波止場,1
nary,Take Whatever,DJ Ryo,1
nary,Resham Firri,Sur Sudha,1
nary,我离开我自己,杨乃文,1
nary,オハヨウ/Smiles→Fire Man,想い出波止場,1
nary,The Time Is Here At Last,Etherwood,1
nary,感情生活,王菲,1
nary,Dancin' コオロギ,押尾コータロー,1
nary,Last Christmas (Bonus),Gregorian,1
nary,宽恕,时过夏末,1
nary,Stutee (Prayer),Sur Sudha,1
nary,Tihar,Sur Sudha,1
nary,Everything You Can See Through A Little Hole,Ryoichi Kurokawa,1
nary,应该,杨乃文,1
nary,Living For Love,Madonna,1
nary,Recognise,Fred V & Grafix,1
nary,アイルランドの風,押尾コータロー,1
nary,Camargue (Fred V;Grafix Remix),Cj Bolland,1
nary,Teej,Sur Sudha,1
nary,优美的低于生活,声音碎片,1
nary,Read #Read,Ryoichi Kurokawa,1
nary,挽歌,许美静,1
nary,Dance of Eagle,Sainkho Namtchylak,1
nary,Angel,陶喆,1
nary,Silu,Sur Sudha,1
nary,Strange (La Fleur Remix),Adana Twins,1
nary,0000000001,Ryoji Ikeda,1
nary,Cipher,Ryoichi Kurokawa,1
nary,Bada Dashain,Sur Sudha,1
nary,OOL,Ryoichi Kurokawa,1
nary,3w,DJ Ryo,1
nary,Errorbook,Ryoichi Kurokawa,1
nary,Raja Mati,Sur Sudha,1
nary,应该 (Live) ,杨乃文,1
nary,・Ra,想い出波止場,1
nary,污水塘 ,惘闻,1
nary,A Fisherman's Song,Sur Sudha,1
nary,Numbers (Camo & Krooked Remix (CD Edit)),John B,1
nary,木もれ陽 ,押尾コータロー,1
nary,Principle,Ryoji Ikeda,1
nary,Supercodex 12,Ryoji Ikeda,1
nary,비,이시우,1
nary,Oblivion (Baarsden Remix),Grimes,1
nary,Supercodex 16,Ryoji Ikeda,1
nary,Headphonics 1/0,Ryoji Ikeda,2
nary,pills,鬼否,1
nary,夢の中で,岸部眞明,3
nary,Rodeo,岸部眞明,3
nary,Song for 1310,岸部眞明,2
nary,愛の挨拶　,岸部眞明,3
nary,絆,岸部眞明,4
nary,Summer Beat,岸部眞明,3
nary,Glass Jar,Gang Gang Dance,1
nary,想い出,岸部眞明,3
nary,夜想曲,岸部眞明,2
nary,Chinese High,Gang Gang Dance,1
nary,Adult Goth,Gang Gang Dance,1
nary,Headphonics 0/1,Ryoji Ikeda,1
nary,Romance Layers,Gang Gang Dance,1
nary,少年の夢,岸部眞明,3
nary,Islander,岸部眞明,3
nary,Place of mind　,岸部眞明,3
nary,Untitled,Ryoji Ikeda,2
nary,+,Ryoji Ikeda,1
nary,Headphonics 0/0,Ryoji Ikeda,1
